Actual_Popularity,Predicted_mean
4,13.63
0,8.45
0,0.03
0,12.93
31,11.96
55,49.94
11,12.25
42,26.17
59,60.36
10,65.84
59,45.27
0,4.1
35,16.2
19,47.86
56,53.45
72,55.02
39,41.18
54,51.2
32,17.3
57,53.8
65,49.33
6,3.51
44,48.7
33,24.7
75,51.17
6,17.32
63,53.39
32,1.46
0,1.8
14,16.55
38,16.83
43,48.86
0,4.02
22,11.78
0,3.02
18,18.27
26,22.72
58,52.96
3,10.04
50,52.06
13,4.14
47,28.69
0,0.77
82,58.24
8,14.54
64,58.93
36,51.77
27,13.22
4,24.25
45,49.43
43,8.99
13,49.88
1,0.55
49,55.22
0,7.3
29,14.42
55,56.38
15,6.57
33,16.54
51,51.47
62,49.77
57,50.48
12,3.55
46,52.62
43,49.57
0,-1.68
59,58.9
69,60.02
57,25.78
65,42.73
50,47.96
22,23.75
0,8.19
29,32.41
2,13.33
0,3.94
54,50.33
44,52.5
82,57.56
0,2.88
13,22.06
30,29.09
6,17.85
30,11.19
48,54.18
52,57.72
0,6.89
45,48.53
14,37.71
5,5.0
0,19.71
70,59.43
0,-0.02
49,47.67
34,45.73
65,58.7
3,11.43
10,12.39
45,53.19
52,50.91
8,6.53
72,71.25
59,63.1
54,58.59
2,4.68
63,48.23
2,4.74
25,14.25
0,24.24
72,52.51
16,39.98
58,42.86
37,40.7
70,65.52
87,74.87
0,17.91
29,17.26
65,59.47
72,51.03
0,5.55
1,27.88
0,11.95
70,51.69
71,48.97
26,11.54
21,23.68
81,70.14
21,8.36
5,22.65
67,47.35
58,52.14
0,-0.01
83,68.69
68,27.94
54,60.84
68,68.43
61,62.71
0,1.64
0,14.79
0,2.17
17,15.81
31,41.53
77,57.25
46,15.9
57,62.28
64,55.26
32,19.78
12,10.52
5,7.15
0,0.13
0,-0.88
49,43.02
32,18.28
1,1.1
0,5.5
25,16.85
58,49.96
53,55.39
0,1.18
0,-0.92
0,7.15
0,14.71
71,65.31
54,42.65
69,65.66
68,59.03
65,50.76
52,57.77
7,19.41
21,15.91
36,30.3
3,10.89
54,54.84
0,0.33
47,55.4
18,14.82
0,2.49
72,64.9
35,13.77
0,9.82
55,53.6
11,2.15
0,2.65
12,22.97
78,54.17
75,75.68
75,55.31
83,77.03
24,27.26
0,1.57
49,58.25
9,3.5
0,6.08
0,1.35
1,2.68
14,3.18
47,46.92
8,17.24
69,54.83
10,17.36
17,22.01
61,59.09
53,50.65
43,19.25
10,12.16
47,39.14
68,59.08
47,53.54
0,6.92
34,46.75
14,16.08
14,12.84
0,4.29
39,50.35
0,0.45
8,15.05
0,-2.25
12,5.42
2,11.72
0,0.13
36,8.26
58,48.79
9,3.35
62,54.25
43,16.12
2,23.69
46,49.73
49,58.58
1,5.69
57,60.49
0,8.29
56,56.02
74,57.68
0,7.54
67,69.62
43,52.03
0,7.05
32,10.69
0,6.72
27,45.33
0,-0.96
72,44.92
77,75.16
2,2.39
52,56.02
0,-0.09
31,29.03
54,52.69
21,12.61
27,11.6
55,64.69
0,-5.74
22,10.83
5,9.72
59,48.58
29,35.09
38,52.72
29,41.67
60,48.14
6,12.57
58,62.79
10,17.18
41,48.07
0,-0.4
52,48.75
16,14.0
51,42.17
0,8.12
0,2.66
0,5.84
9,14.46
8,15.4
42,50.34
27,13.25
18,9.03
51,48.06
76,25.87
80,77.88
8,9.38
39,55.95
0,-1.26
8,24.13
0,8.91
64,52.33
57,54.49
51,51.97
57,57.08
35,50.66
19,18.06
62,61.38
6,7.6
65,36.58
47,50.1
65,59.64
17,23.72
19,11.12
7,8.5
0,0.1
29,17.51
10,21.52
0,0.8
0,-0.43
57,53.29
0,-4.3
0,17.94
0,8.33
41,41.85
50,56.39
63,49.35
55,47.28
2,17.12
11,12.46
0,4.04
55,51.82
26,15.35
11,39.1
19,22.7
73,66.05
0,1.64
68,54.43
73,54.9
0,6.79
63,72.42
80,54.27
53,53.95
42,48.79
10,8.3
0,-2.84
77,50.27
34,20.32
30,9.24
69,52.44
72,62.13
49,46.32
48,53.24
0,7.81
35,22.43
3,4.04
50,49.06
17,5.3
61,43.29
55,53.25
0,10.48
4,18.47
10,14.03
52,63.96
66,56.85
1,9.71
66,65.89
36,48.0
79,56.13
52,56.74
47,34.32
47,22.34
18,18.9
47,33.57
0,2.08
21,7.61
8,10.79
60,62.22
0,3.32
55,51.67
77,58.42
13,8.92
49,41.64
66,22.6
45,55.81
61,50.88
47,53.48
57,29.08
53,54.74
9,4.06
75,55.58
41,48.48
64,65.41
0,6.94
0,0.7
73,57.94
67,48.46
11,5.17
51,51.16
1,2.83
1,15.99
0,0.18
52,57.51
0,7.05
15,6.57
63,54.34
53,52.96
0,9.11
27,39.38
0,12.56
25,17.46
52,58.18
0,0.22
76,82.13
70,56.14
70,63.35
63,49.67
55,54.09
31,41.95
29,27.26
1,5.52
38,58.56
73,62.78
54,55.54
27,21.72
0,8.36
57,47.56
2,0.68
0,16.49
0,12.07
14,8.79
10,9.15
0,-0.77
0,-0.8
53,53.06
60,64.12
28,16.16
53,58.83
0,1.26
10,36.81
14,44.87
48,53.47
70,51.5
9,13.1
63,50.27
59,49.5
0,11.59
74,56.89
70,68.39
0,-0.3
33,47.32
49,52.19
42,50.52
19,23.18
0,10.06
19,12.39
68,51.63
0,17.89
14,2.71
50,43.34
0,-1.33
0,6.92
54,50.3
0,5.26
78,56.8
58,55.82
5,7.05
59,49.4
35,14.05
31,22.73
35,37.81
33,44.88
35,46.63
53,56.53
2,1.29
44,52.35
55,55.22
20,15.46
49,50.59
9,44.16
65,61.74
17,7.08
55,57.87
10,52.8
64,23.83
68,73.63
66,46.92
0,6.59
15,12.93
64,49.99
19,15.88
56,49.98
7,4.44
59,56.19
33,29.79
53,53.71
66,60.14
68,68.34
0,0.31
72,56.03
3,14.19
14,11.31
1,3.93
49,56.16
34,47.52
0,-0.07
64,55.97
0,3.38
1,4.05
53,57.36
66,38.37
5,14.54
43,48.55
68,68.9
78,60.85
46,24.17
66,55.84
49,55.53
0,2.29
66,65.92
12,7.39
0,-0.36
41,53.63
68,61.67
6,9.16
43,49.73
0,5.8
83,75.72
1,5.12
67,69.1
59,58.69
51,50.8
72,56.33
62,57.29
14,19.33
15,15.26
57,30.08
6,17.66
0,17.69
66,62.85
0,1.07
65,52.36
10,11.17
1,0.43
49,14.15
51,54.12
14,18.56
0,-0.23
2,14.03
47,60.61
30,41.81
54,22.31
0,1.01
10,17.98
0,1.78
45,46.85
48,51.13
62,60.7
68,79.77
44,54.38
19,51.03
22,41.04
49,22.81
53,46.44
71,66.4
8,21.23
0,-2.35
68,54.92
0,5.54
0,9.77
63,61.01
67,71.62
0,4.87
35,46.89
43,50.87
52,43.68
31,36.2
9,23.29
80,67.52
0,6.66
13,8.76
56,52.01
35,38.1
1,8.29
12,10.2
0,2.76
59,52.2
43,27.56
52,59.99
21,8.68
49,45.03
9,6.5
11,13.74
13,9.67
0,1.86
40,53.69
50,41.66
28,19.53
28,23.61
48,53.04
45,20.17
47,52.21
64,42.72
13,19.06
56,54.4
37,45.01
0,8.29
0,2.01
8,5.31
57,42.31
89,35.95
0,1.56
47,42.48
47,58.98
52,56.4
6,20.74
33,24.02
74,66.57
53,52.04
57,49.82
73,67.97
52,59.37
58,29.16
58,50.16
34,26.3
27,21.15
47,54.43
18,40.96
0,3.22
51,51.62
51,54.78
13,14.96
16,15.83
46,49.78
50,43.81
44,53.59
0,3.77
56,25.0
60,65.87
68,58.49
0,11.81
5,13.13
25,25.53
12,21.66
55,59.97
32,43.54
28,23.76
54,54.94
12,12.68
63,65.73
16,16.4
0,7.17
5,2.19
0,-0.57
13,51.06
13,29.18
49,57.44
52,52.42
14,4.75
1,7.05
0,3.18
49,51.77
0,9.47
50,45.78
0,-0.0
58,61.01
5,4.79
45,47.04
17,19.29
59,53.14
56,56.62
2,21.22
72,68.67
2,13.16
5,22.89
68,54.44
23,17.96
0,2.74
77,61.77
5,8.31
72,64.38
63,77.96
14,13.19
71,51.34
68,66.06
32,24.95
62,66.51
0,13.37
8,14.43
34,18.95
22,26.02
0,12.81
51,54.52
60,62.62
36,54.4
34,15.22
29,24.23
0,1.05
33,10.29
30,35.38
61,50.59
56,56.77
16,12.37
0,8.4
53,50.4
0,-1.75
50,6.92
49,47.79
58,56.97
0,1.79
35,44.42
10,16.65
0,1.1
15,30.62
60,62.0
16,16.61
0,-4.81
38,46.69
80,72.14
57,54.19
66,52.92
17,7.15
73,56.42
0,-0.64
0,8.24
67,56.67
0,5.88
0,1.76
13,9.87
65,72.12
0,10.52
1,15.54
0,5.22
14,11.17
42,44.72
34,40.04
17,9.87
0,11.75
57,53.04
20,39.5
54,46.47
64,50.54
47,51.5
71,60.87
56,48.98
53,42.19
0,3.82
49,30.25
0,3.27
88,83.28
33,37.36
51,57.8
36,44.54
84,72.79
11,7.6
47,48.32
60,68.15
20,23.15
0,1.04
0,-2.53
27,23.9
36,7.16
54,32.07
64,57.3
32,46.08
0,6.6
59,22.39
25,62.22
12,11.39
0,10.0
0,0.26
1,5.33
0,0.06
69,55.98
31,7.11
0,0.77
48,57.71
0,-1.39
50,47.91
0,0.57
38,45.89
6,20.18
14,18.94
11,11.84
39,44.53
0,3.73
22,22.98
37,43.3
55,55.69
27,13.88
0,1.79
0,4.56
37,45.55
0,11.12
50,48.67
39,2.42
1,5.84
53,55.59
11,12.2
51,58.81
0,3.53
4,3.35
24,28.25
16,15.47
43,50.65
3,8.13
17,18.3
12,25.96
6,-0.31
60,58.43
63,47.72
6,14.66
0,2.44
0,2.42
0,4.65
52,58.29
21,22.49
55,58.78
0,-0.69
2,23.94
60,40.11
48,37.45
10,7.01
3,21.08
0,11.66
0,-3.21
58,54.66
21,9.87
0,-0.14
33,42.71
36,44.85
45,50.29
80,86.51
0,7.09
58,65.95
0,16.48
0,-1.51
56,50.5
63,24.07
70,70.86
57,54.78
48,58.78
12,13.91
63,65.29
53,48.74
58,57.7
71,56.64
6,16.58
0,0.55
28,48.61
36,20.55
66,57.63
45,34.6
26,12.82
69,70.7
42,48.17
0,2.34
0,-0.01
24,46.11
56,56.33
4,0.14
13,11.74
0,-2.96
62,66.28
0,2.16
37,25.41
51,43.42
26,45.43
61,58.07
69,56.77
0,7.12
22,8.23
61,57.38
0,17.58
0,-0.32
48,52.15
27,18.95
7,10.66
7,6.37
21,4.07
3,6.07
53,36.69
40,48.47
0,-0.24
52,47.71
56,54.35
50,51.06
26,23.39
10,12.4
0,14.2
1,0.88
64,50.99
59,49.41
31,30.25
0,1.05
5,10.03
0,-0.46
72,44.41
8,15.57
0,1.31
0,5.08
0,2.47
0,1.29
74,56.93
13,5.34
67,60.67
18,15.64
49,56.35
23,11.39
56,45.76
32,30.48
56,61.16
2,14.52
32,43.05
27,47.55
52,54.38
0,5.06
46,52.78
77,63.29
57,48.18
0,-0.86
75,58.86
51,38.66
30,28.84
26,41.93
4,11.39
1,10.36
5,20.19
50,52.91
53,48.87
78,72.14
35,17.94
43,48.59
53,48.48
35,49.98
6,8.97
35,48.94
81,64.56
57,53.97
3,3.83
2,17.56
31,50.5
36,28.59
62,49.3
56,56.55
57,58.89
75,35.81
0,-0.25
18,12.14
17,36.85
59,41.25
5,20.23
50,45.55
59,56.32
10,6.7
12,10.79
6,16.07
42,45.89
47,51.84
63,42.76
15,4.95
65,62.65
50,59.03
50,53.74
52,60.36
10,0.85
0,0.25
53,51.52
41,51.28
57,57.46
3,16.89
16,16.03
51,54.82
5,4.23
0,15.48
0,6.55
0,4.93
65,56.63
61,53.31
0,1.05
0,2.12
0,0.81
17,50.57
31,19.63
23,5.55
32,51.06
0,2.38
68,66.2
0,4.3
2,4.35
51,52.13
55,57.19
0,9.05
54,63.06
35,39.37
28,44.84
74,36.31
47,58.61
53,47.83
6,5.18
21,24.82
0,5.14
63,49.83
55,55.91
63,45.83
1,7.32
0,0.49
50,50.92
33,40.68
30,36.65
0,2.2
64,62.56
0,3.57
11,9.28
0,6.7
8,9.63
60,55.47
0,7.79
53,53.47
64,64.66
0,8.14
0,4.67
53,59.73
7,22.07
0,1.5
16,17.17
51,47.24
63,45.45
16,36.95
20,15.53
12,21.72
48,53.9
50,48.87
0,1.77
3,2.23
8,17.35
36,60.41
64,52.9
19,20.21
0,8.29
18,17.65
65,61.19
53,31.96
10,40.04
8,4.56
2,10.81
39,36.38
62,53.98
75,56.78
76,77.74
6,1.0
4,21.25
30,48.56
0,1.17
46,53.36
0,-0.06
41,36.46
33,25.79
66,54.04
1,13.86
8,7.58
68,38.44
48,48.67
65,58.81
60,51.55
45,50.32
22,31.79
14,12.64
0,2.69
16,45.9
10,19.97
8,7.57
14,10.11
10,12.55
53,63.01
6,7.08
8,7.48
0,0.62
38,17.06
49,51.76
37,24.53
53,53.1
59,53.36
0,14.24
56,56.24
0,19.89
49,53.69
45,48.93
0,-0.53
56,50.27
0,4.02
31,31.75
56,49.73
49,57.38
65,58.82
55,58.53
4,3.78
9,15.48
52,41.74
0,4.0
0,-1.28
33,25.98
0,9.23
31,52.51
58,43.95
39,45.58
0,-3.98
4,7.53
0,7.71
35,26.44
9,18.26
67,65.76
9,4.41
71,65.21
60,59.7
0,9.65
30,26.03
52,52.99
12,13.67
0,10.14
32,15.21
0,1.06
27,37.3
8,14.54
17,39.62
0,13.72
25,44.98
62,52.03
1,12.22
34,44.6
50,21.41
0,8.7
42,47.05
0,-0.01
68,53.21
0,11.36
0,0.26
55,23.03
11,15.67
0,1.13
67,47.81
67,49.98
57,51.57
3,10.25
38,50.08
36,21.39
35,7.55
23,20.64
48,54.05
62,47.64
62,66.18
7,4.99
16,13.47
54,54.03
0,1.65
0,1.9
78,76.02
47,46.65
0,8.23
56,53.03
76,58.77
27,23.38
58,56.53
0,-0.14
0,5.06
69,53.71
0,13.9
50,54.55
21,4.23
0,0.04
26,18.05
26,21.37
11,6.02
65,56.55
0,6.42
0,1.0
62,54.29
36,10.76
24,15.41
23,11.93
13,22.52
29,48.16
19,22.85
0,-0.93
45,52.34
72,57.55
0,2.78
43,18.67
1,25.29
23,23.22
67,68.2
52,51.79
0,1.61
0,-0.18
58,40.32
19,3.69
53,54.47
66,51.6
0,-0.96
61,57.09
64,55.71
37,26.87
0,0.18
0,1.36
55,60.45
38,13.76
25,29.91
0,0.27
61,59.33
45,44.1
30,47.78
7,24.5
69,52.56
37,55.08
9,1.66
15,13.46
0,6.3
72,63.13
85,64.9
11,14.14
40,22.11
49,52.84
29,20.15
42,49.75
9,27.45
11,32.08
55,37.1
0,4.48
49,49.69
0,-1.58
57,47.39
19,31.06
0,-2.95
61,57.3
0,6.02
74,68.1
0,4.63
78,77.03
24,29.57
0,3.08
0,16.21
50,53.77
11,16.56
10,12.04
44,49.47
64,53.7
87,78.71
0,0.58
0,1.25
54,52.07
71,58.46
24,5.8
0,13.95
8,3.35
6,11.59
7,4.21
15,15.41
8,25.25
20,19.65
0,-0.54
17,8.43
10,77.7
11,10.61
35,12.02
46,47.96
53,62.08
54,50.96
54,51.74
9,1.64
15,15.82
2,0.59
5,2.17
43,50.19
4,5.3
0,3.04
2,11.46
63,51.92
0,3.48
28,34.97
8,15.35
16,0.77
0,1.24
54,52.45
44,65.35
44,6.88
64,45.56
0,4.3
54,58.88
54,53.72
48,53.21
49,56.97
3,2.09
34,43.99
15,15.08
53,47.81
18,21.97
10,3.21
14,11.69
1,9.39
0,19.24
10,26.7
21,9.35
22,9.23
59,61.17
52,56.26
80,69.35
18,15.48
53,54.47
0,0.71
66,52.34
74,49.2
0,6.6
56,46.01
51,48.18
0,0.03
18,30.79
0,4.65
5,15.93
56,57.13
40,25.11
78,50.05
9,26.11
55,52.79
16,21.56
71,25.16
62,48.19
75,56.53
0,11.12
0,1.02
78,60.33
22,7.83
0,12.73
3,4.84
34,13.2
0,0.32
76,54.42
58,37.98
13,41.98
60,65.52
60,66.14
54,53.2
0,12.09
11,12.83
8,1.37
57,53.19
51,56.21
71,65.88
50,47.07
39,45.95
53,57.44
70,75.55
45,19.43
67,55.57
3,4.88
47,50.56
0,4.83
0,15.32
0,-0.12
31,19.12
0,2.66
71,55.0
61,57.66
0,1.24
0,2.55
11,11.85
31,25.92
10,11.35
7,17.22
66,57.44
53,61.4
0,15.11
0,1.57
0,9.33
34,31.16
0,9.34
33,35.52
37,43.94
57,60.25
0,3.99
49,57.69
0,0.21
22,9.37
0,8.42
32,20.92
16,13.79
0,-0.51
5,6.43
54,51.32
4,5.42
0,4.61
84,61.14
16,10.08
0,-0.11
63,61.16
35,49.86
43,41.18
23,28.77
43,27.23
0,0.96
34,37.75
12,35.32
38,35.49
50,58.15
8,4.93
46,59.77
6,15.89
59,58.11
44,52.99
58,60.16
31,47.37
63,49.76
45,10.44
62,45.12
19,27.86
7,16.76
7,18.4
43,11.7
0,0.69
4,8.64
28,32.89
67,45.73
52,61.21
59,58.38
47,14.46
0,2.86
13,12.48
59,55.76
7,6.06
11,9.73
11,19.4
2,8.04
0,9.42
5,9.35
55,40.56
54,54.76
12,13.86
72,62.39
0,2.05
13,14.24
42,48.95
0,8.19
66,60.42
0,8.83
67,48.09
62,51.94
20,11.55
0,-0.57
54,7.03
12,-2.84
70,47.92
0,-0.16
60,29.16
81,70.99
0,1.04
64,64.05
0,-1.42
39,52.05
19,7.61
49,52.14
48,53.57
48,50.2
71,56.61
20,19.21
0,-0.82
45,37.54
69,32.6
60,49.03
0,8.32
0,10.42
0,2.65
63,52.92
67,57.61
58,59.28
49,55.52
57,58.48
0,1.13
0,1.19
29,25.82
12,3.68
72,60.91
57,54.0
71,69.37
59,44.34
51,42.96
62,49.49
72,34.86
69,44.51
0,5.65
12,30.79
34,50.29
0,9.19
0,6.24
44,25.06
0,4.27
52,57.04
0,0.37
0,20.82
0,9.51
56,51.13
0,3.79
6,5.79
9,13.19
10,17.81
0,6.21
75,64.97
73,34.25
0,4.93
44,51.76
0,0.66
63,59.19
18,19.07
32,46.1
9,13.15
72,64.43
36,27.46
57,29.53
19,40.04
43,44.6
0,-1.78
0,1.64
41,49.86
45,30.76
0,0.31
31,44.22
0,-1.56
62,50.79
28,41.75
80,54.09
60,54.87
8,7.77
30,57.2
44,45.93
0,2.9
54,58.75
0,6.7
54,57.39
0,2.58
67,58.26
0,16.76
0,-0.01
39,14.6
50,55.81
0,0.46
27,15.56
74,54.6
46,52.33
35,45.69
5,1.53
53,56.56
0,7.3
58,51.1
58,62.81
10,52.74
65,48.91
23,8.01
10,10.62
11,21.42
64,56.73
63,57.48
0,1.53
0,7.13
32,31.91
27,19.51
51,49.05
60,47.27
57,63.21
0,0.75
49,27.72
41,55.71
60,31.08
0,3.22
59,60.72
82,54.5
57,54.45
0,9.15
76,60.3
55,50.72
13,25.76
46,55.65
0,15.85
0,4.46
71,61.08
67,48.94
53,32.38
0,9.78
12,13.71
24,12.43
0,-2.06
53,52.36
0,-0.78
44,43.68
70,55.3
66,60.65
0,7.64
0,-0.91
75,67.05
27,51.56
62,61.0
2,1.85
0,-0.67
0,5.53
13,5.34
29,34.54
28,27.83
0,2.29
0,3.99
27,10.87
0,9.91
5,7.31
56,54.52
60,56.22
76,61.71
23,19.23
11,2.11
14,25.45
8,18.87
42,57.73
13,11.25
62,43.37
7,5.64
7,19.13
0,2.31
41,49.54
25,39.85
0,0.71
0,2.69
37,13.71
43,15.99
16,4.25
78,71.46
70,57.11
33,42.57
0,0.6
6,13.97
19,22.8
0,-0.37
7,8.94
0,2.19
0,12.18
4,5.84
64,56.73
66,61.92
49,56.99
8,20.12
48,60.59
49,48.92
55,60.31
0,8.49
3,19.82
62,61.52
12,9.66
13,-0.85
47,45.45
75,54.49
9,40.96
21,23.68
71,52.11
26,12.53
47,58.14
41,51.29
13,18.67
56,44.9
53,49.97
0,6.85
0,21.81
52,50.8
8,15.18
30,19.5
0,4.69
0,6.87
24,34.38
55,57.23
5,6.37
57,60.19
0,8.73
23,3.56
12,16.65
1,7.26
46,47.5
36,11.69
14,13.03
19,18.06
47,59.59
50,49.24
0,0.85
67,50.96
34,21.72
14,18.78
67,47.77
58,63.58
0,6.21
0,0.39
59,44.18
45,55.08
0,5.5
42,31.13
55,21.67
0,2.82
71,55.4
0,3.28
4,5.01
69,52.65
52,53.35
20,15.31
63,48.34
24,18.45
6,10.14
29,54.69
0,-0.85
10,8.56
0,13.43
68,56.14
0,-0.79
39,56.72
0,0.52
10,23.77
0,6.23
3,2.13
46,16.44
46,25.23
0,0.52
33,51.82
29,18.77
2,14.54
31,34.21
42,36.87
47,52.05
69,58.92
82,59.17
11,47.38
16,12.23
60,47.72
40,44.68
4,23.26
1,6.37
52,52.81
33,43.0
54,55.39
8,46.96
62,55.51
47,49.36
14,11.97
0,-0.44
53,58.04
40,54.12
61,52.86
0,8.8
51,56.22
15,12.3
12,12.31
61,65.06
0,4.26
37,51.03
85,63.83
0,3.06
27,16.38
59,56.57
3,5.44
69,62.93
63,57.58
63,51.29
32,3.3
37,47.93
28,26.69
17,23.91
19,19.6
23,16.73
63,59.36
3,10.48
73,60.99
73,62.49
1,3.48
24,12.7
62,57.28
28,49.26
8,13.85
67,65.54
46,45.69
60,50.98
0,15.46
57,46.85
38,38.6
40,52.37
57,50.56
4,31.08
53,40.69
18,4.47
8,20.12
5,15.04
16,10.99
57,53.16
3,9.84
54,58.24
20,0.5
0,7.17
0,16.39
69,67.67
1,9.9
0,-0.56
13,12.62
64,68.81
8,12.63
0,2.58
65,72.63
20,15.72
14,27.3
68,60.24
17,22.04
53,49.13
0,10.11
0,1.3
48,57.02
73,61.28
22,19.78
0,3.87
0,11.48
55,48.34
60,62.04
0,10.06
60,52.92
50,53.88
50,52.39
0,3.07
32,44.62
50,40.38
63,51.18
22,21.8
45,51.16
68,59.47
34,37.07
60,55.67
7,13.31
0,9.19
44,53.72
62,59.07
59,58.76
60,48.59
0,7.71
32,14.88
0,4.27
24,22.96
0,-1.04
17,12.12
30,43.2
0,3.46
0,1.71
26,19.13
0,1.63
3,17.93
60,63.44
64,71.65
23,9.69
0,1.07
9,13.66
8,12.01
33,26.81
0,13.54
7,13.8
1,-1.56
64,55.49
16,15.82
65,52.61
21,8.51
48,52.05
0,-0.29
0,19.81
12,5.42
15,13.82
0,15.73
63,57.63
0,0.83
7,6.29
80,82.85
29,15.68
14,25.55
3,9.89
4,9.85
14,13.18
13,7.13
61,73.31
7,18.43
29,35.97
0,-1.71
0,3.97
13,12.35
34,20.73
76,72.75
31,34.21
4,20.03
45,47.05
0,1.3
0,8.55
4,5.47
31,35.94
11,20.0
48,17.31
4,4.61
9,18.4
0,0.83
37,46.39
0,0.15
21,10.74
71,56.12
36,43.64
0,1.57
43,52.87
18,11.77
42,18.94
0,-1.25
26,16.61
77,64.57
49,55.56
73,39.63
0,1.56
91,61.2
60,57.85
60,55.86
4,11.86
5,12.04
16,21.46
46,53.1
43,57.47
42,28.71
30,11.74
13,20.53
0,5.42
40,49.14
0,12.24
54,58.23
80,67.25
63,63.5
49,56.41
41,48.44
47,48.93
9,14.34
4,-0.89
30,24.32
60,59.12
78,47.55
48,53.5
43,52.24
69,55.12
8,22.83
0,3.74
7,26.74
71,61.66
36,53.64
0,1.12
40,56.13
1,5.25
69,69.13
56,53.04
1,15.46
0,7.51
5,16.27
0,20.6
1,5.66
1,3.49
0,0.94
17,27.34
0,8.36
11,27.08
74,52.56
0,2.82
8,-0.97
72,67.65
61,53.49
55,51.65
57,24.76
18,10.3
24,9.96
0,6.17
1,3.6
5,-0.11
0,1.25
43,21.33
8,18.59
13,16.52
40,44.7
45,49.24
13,12.86
0,10.97
46,51.86
35,40.21
56,40.37
7,2.92
55,54.37
0,2.48
37,23.2
16,17.72
5,11.5
0,1.79
10,17.93
0,0.69
51,54.95
16,14.2
53,57.23
7,15.79
43,15.87
11,28.04
40,36.5
71,60.74
70,67.39
2,17.19
64,61.88
60,56.27
43,56.67
17,19.46
72,59.8
0,12.54
74,43.83
18,60.05
10,14.72
0,1.03
0,-0.72
34,17.2
1,11.36
0,4.52
15,1.61
61,74.2
4,12.15
0,6.32
0,-2.11
0,2.67
77,60.78
27,13.27
59,58.39
30,35.38
22,24.75
25,19.25
48,46.91
1,-2.22
9,16.79
22,20.67
0,4.59
52,52.28
0,4.5
0,6.73
26,50.49
0,0.89
13,19.92
50,61.69
55,55.06
18,21.86
49,57.74
5,21.25
63,62.71
0,3.68
63,57.67
52,56.5
12,5.72
1,-3.25
67,67.48
65,51.1
57,62.71
39,45.84
9,40.79
58,53.12
26,23.2
59,53.14
30,28.53
51,44.22
42,52.38
1,-3.73
50,56.17
34,25.91
19,12.5
1,12.85
53,49.23
0,-0.26
22,20.86
68,61.67
20,18.21
9,13.37
0,6.94
53,51.49
15,23.55
9,18.29
48,51.12
53,46.37
0,1.74
14,12.63
0,3.86
0,4.56
14,11.86
58,59.06
56,45.01
60,53.97
14,5.58
54,51.15
0,0.16
55,51.53
44,52.88
53,55.03
58,50.01
63,45.27
0,-2.55
88,66.62
72,55.66
78,55.19
64,54.09
42,53.17
5,20.35
46,50.76
64,47.36
78,58.1
82,43.91
51,52.58
30,22.57
0,0.18
39,35.03
51,58.52
40,20.81
2,4.95
14,19.51
11,10.91
11,15.34
83,55.54
0,11.89
34,25.78
62,62.16
0,1.93
11,9.16
1,7.38
0,1.3
32,15.08
59,54.85
47,59.36
13,26.21
8,9.54
44,57.88
61,50.51
51,51.24
55,58.52
66,60.99
19,39.11
60,57.46
29,46.57
42,48.68
0,5.92
67,54.89
62,49.66
52,57.01
28,34.24
26,23.28
0,9.71
13,14.69
7,5.66
2,3.35
13,9.05
5,9.69
68,45.73
10,20.72
14,19.57
0,14.14
16,17.07
0,14.03
54,52.86
66,38.03
40,51.25
0,2.96
5,3.71
0,1.3
0,2.73
21,20.6
13,10.41
0,13.22
15,27.15
0,0.66
9,5.06
0,2.03
79,82.47
0,4.14
74,45.82
25,23.91
65,57.3
17,9.56
25,10.01
0,1.59
60,62.69
14,16.96
0,-0.02
53,60.84
73,57.45
0,25.11
27,27.35
38,23.69
0,0.71
43,54.34
53,50.83
7,4.5
0,5.34
6,3.47
17,15.09
66,54.49
1,25.66
73,56.39
61,58.78
6,16.06
60,54.16
66,63.75
36,21.43
66,53.69
16,14.22
44,51.88
0,1.16
10,7.15
64,47.1
28,20.82
3,13.1
79,48.07
48,60.43
12,7.69
0,16.99
5,17.58
66,55.25
0,0.13
62,11.65
50,56.58
0,0.84
0,-0.78
73,74.58
49,50.65
32,44.34
0,14.41
39,48.91
20,5.47
0,4.8
50,51.12
52,57.05
62,46.16
51,60.28
0,-2.37
7,4.76
50,57.18
0,3.15
67,51.53
0,1.03
29,8.04
64,56.42
52,46.29
54,44.55
30,26.51
35,47.62
0,4.39
57,68.41
49,58.28
0,0.32
52,56.82
27,18.03
0,8.9
59,64.09
40,28.76
0,-0.17
5,24.46
11,14.73
44,41.72
0,0.14
64,60.97
10,43.41
7,10.92
9,13.56
0,4.15
46,50.91
34,49.67
0,13.02
61,64.06
73,51.23
53,53.09
5,18.33
4,4.07
19,44.99
0,-0.8
2,7.78
51,52.16
56,58.69
12,11.86
6,13.35
38,55.85
54,53.43
52,54.65
7,9.63
38,10.11
69,20.81
0,1.86
51,57.55
78,69.94
0,7.32
91,81.31
9,21.63
0,11.84
47,40.2
65,60.46
59,54.84
10,27.64
0,-2.51
0,-1.71
38,24.04
37,45.45
0,2.52
58,53.87
39,50.54
38,12.17
0,0.59
0,-0.47
69,64.05
74,45.86
17,8.06
43,44.4
2,12.84
59,36.11
7,13.71
50,49.05
49,44.7
19,32.22
54,44.21
46,54.24
16,14.26
10,7.78
0,-3.86
66,58.76
1,1.56
0,4.35
49,50.55
64,59.16
0,0.2
9,11.03
42,21.35
14,12.38
6,4.84
30,16.81
47,50.5
45,54.65
0,2.06
54,45.35
0,1.22
61,53.74
67,46.51
0,14.58
45,50.33
38,43.69
68,42.11
15,50.7
0,17.45
0,-0.21
57,68.89
66,54.48
44,46.87
36,17.4
11,24.09
0,9.9
67,64.34
32,21.68
1,6.48
6,17.34
30,15.49
55,56.21
41,45.32
4,7.56
49,60.43
0,4.09
64,62.52
19,18.05
46,48.26
0,15.21
4,67.96
55,51.59
14,13.76
11,15.14
60,56.16
0,2.75
0,-4.12
4,4.66
5,24.71
46,53.92
0,1.27
53,60.71
17,22.37
60,56.52
47,53.24
0,0.53
43,31.43
30,25.05
74,55.29
62,58.31
6,4.73
27,17.82
37,48.73
0,2.43
0,1.15
2,-2.01
53,58.28
0,-0.15
49,53.78
54,47.34
61,52.57
0,1.83
71,52.31
70,73.9
64,43.66
9,15.3
3,11.94
0,-0.66
6,6.01
51,50.99
11,18.23
6,10.41
5,6.53
1,5.96
54,50.99
7,38.06
65,60.56
30,3.22
43,53.94
49,48.74
0,-1.8
61,48.28
22,15.21
0,7.03
16,4.97
0,2.97
49,51.09
0,4.96
0,21.12
27,27.78
0,10.81
42,13.85
61,60.92
59,61.45
63,54.3
7,2.87
3,5.11
67,50.63
36,45.49
52,62.51
0,7.83
39,56.67
17,11.71
59,64.71
49,21.92
0,8.84
8,15.92
30,44.54
46,34.68
67,57.19
18,8.48
0,2.5
0,7.35
51,55.0
0,9.01
5,5.81
0,8.56
61,62.65
32,48.15
96,75.4
47,48.64
76,58.28
55,53.11
46,6.36
0,31.19
9,13.06
60,42.08
2,0.65
56,64.16
14,39.3
8,21.92
53,46.46
0,-0.48
48,45.92
51,52.33
30,24.66
60,43.74
39,21.93
82,44.55
0,12.52
31,12.98
0,1.18
60,28.72
11,11.43
20,14.18
56,55.85
20,19.9
0,-0.22
65,59.38
40,45.93
30,44.25
0,-0.31
0,5.61
23,12.8
50,32.67
42,43.02
62,51.48
53,57.49
16,7.13
36,57.33
33,29.82
54,58.42
0,0.15
49,51.23
24,46.52
17,41.84
70,54.44
5,17.8
12,5.34
50,44.9
0,2.51
39,32.79
28,40.16
51,44.09
64,40.49
47,51.77
42,45.53
11,7.06
42,11.33
48,56.9
0,23.79
17,35.2
84,78.63
7,14.01
0,0.96
30,34.71
20,14.96
51,56.81
45,56.63
50,57.06
0,1.74
20,17.43
0,0.14
0,3.31
18,38.11
0,1.39
51,53.59
30,49.02
74,69.47
18,17.65
43,50.15
15,6.19
5,4.69
71,49.44
43,46.47
55,54.02
0,15.6
59,56.56
0,3.35
0,2.51
54,47.05
59,65.22
5,16.18
44,41.01
49,48.46
0,0.54
48,49.17
17,8.59
51,53.68
77,58.48
38,56.53
65,63.18
66,64.22
0,8.89
0,12.78
47,50.3
40,42.77
70,62.31
44,55.7
61,53.31
45,26.4
0,2.34
50,55.52
0,5.46
9,18.05
50,57.92
51,48.13
13,42.61
41,17.7
58,49.94
0,1.75
70,34.75
2,3.43
43,41.33
13,13.29
14,19.85
8,16.88
7,15.23
2,2.67
0,0.66
14,11.59
41,54.43
48,49.4
51,37.79
2,10.59
54,51.51
70,64.41
53,52.47
42,52.4
0,2.08
0,-0.52
0,8.59
59,56.98
1,13.49
14,21.01
64,58.1
3,18.64
0,7.99
1,3.07
0,10.56
84,57.27
43,20.02
18,11.83
0,0.79
62,52.63
0,8.33
47,47.68
49,52.9
50,43.74
24,18.52
21,14.56
6,22.7
65,54.9
0,1.36
56,59.97
71,61.22
0,0.84
71,58.54
3,4.79
34,46.89
44,54.33
12,10.66
67,57.13
48,54.11
0,-4.01
1,4.47
0,26.42
42,53.5
0,1.73
0,14.63
49,58.56
0,0.5
0,-0.55
52,45.08
0,7.39
0,13.02
2,10.91
64,63.51
50,47.84
12,5.46
28,15.98
73,60.43
47,57.0
0,5.23
7,8.76
0,8.63
57,45.56
63,21.06
0,1.62
37,60.96
65,52.72
62,58.74
8,12.11
0,-0.13
0,2.12
3,4.31
44,7.13
28,8.17
0,6.27
51,42.92
62,62.96
72,40.33
62,48.6
19,18.06
38,54.55
48,43.29
1,9.13
80,61.69
61,55.72
19,18.06
52,32.31
38,8.28
45,57.88
89,71.25
28,18.01
0,0.01
12,19.76
30,21.24
15,45.07
19,18.06
32,37.02
9,18.06
0,5.16
44,49.41
22,24.75
7,1.08
17,15.27
52,50.17
41,53.29
31,23.36
0,2.09
0,0.33
13,25.35
0,-1.61
41,50.96
12,20.93
0,0.83
8,13.53
12,12.99
0,4.31
3,17.2
2,42.99
7,8.11
16,13.44
30,22.27
58,50.05
47,48.49
39,41.7
9,17.21
12,9.91
8,12.68
8,15.81
50,59.36
10,6.64
16,17.15
64,42.39
15,1.27
42,18.15
0,2.57
0,4.35
0,19.2
18,18.27
0,13.94
21,21.27
9,15.45
54,56.17
71,17.43
43,40.59
63,39.28
63,50.36
62,59.78
0,3.72
53,47.02
33,24.67
28,22.22
45,46.54
42,34.62
58,24.17
7,12.98
0,5.62
0,6.18
46,45.32
60,58.87
0,6.41
53,52.83
47,48.88
49,47.96
55,47.99
40,26.62
56,48.29
30,40.21
80,61.68
40,22.3
0,-3.11
49,56.73
0,10.51
29,45.06
75,51.14
8,18.47
25,16.07
66,59.92
58,61.66
0,1.39
67,68.37
75,73.47
23,7.66
62,52.05
30,16.39
9,3.5
0,13.32
56,40.95
58,57.68
41,48.65
55,61.5
0,0.33
49,24.06
62,58.1
0,8.15
43,49.63
14,8.17
12,10.58
57,63.49
56,15.57
0,-1.71
60,58.43
14,24.13
33,24.87
4,0.34
38,52.82
40,30.6
11,14.57
0,-0.85
61,47.4
78,52.36
48,52.94
0,0.44
68,59.67
0,20.45
45,44.8
29,7.36
17,7.96
51,56.15
57,40.64
14,44.33
0,14.04
8,24.09
46,48.68
9,8.22
48,49.0
0,4.69
13,7.61
44,46.1
36,41.98
40,40.21
16,12.51
71,57.21
55,61.21
0,2.39
9,1.45
63,52.73
42,56.98
0,0.67
0,6.83
11,13.32
67,50.81
32,32.44
59,46.92
35,32.39
64,56.31
0,4.18
50,47.56
63,59.39
49,11.89
82,50.37
42,21.1
0,1.78
13,11.49
58,59.55
9,11.79
8,8.46
0,-0.99
0,2.46
48,52.47
0,0.88
8,14.84
61,59.55
0,0.54
45,48.67
31,27.08
32,11.84
59,54.82
63,51.27
67,58.25
0,2.85
0,-1.18
16,1.61
0,5.39
48,60.96
63,56.67
0,1.26
9,42.98
0,-1.29
0,0.22
75,51.12
68,67.82
58,52.69
70,58.56
6,2.72
66,59.53
0,11.88
33,17.5
11,46.84
63,58.32
56,54.28
53,52.6
16,49.95
15,11.58
57,52.88
5,15.55
12,14.0
58,55.16
2,5.55
0,10.2
54,57.07
69,57.09
1,10.9
33,34.79
18,16.87
62,58.51
40,22.41
1,5.82
40,49.01
36,39.91
27,47.24
0,0.03
54,54.65
49,47.04
42,47.28
5,25.81
8,4.73
0,2.87
4,10.52
34,54.36
54,61.5
35,0.54
63,55.08
37,28.14
57,52.22
22,19.17
52,40.43
15,18.01
8,16.47
66,65.01
64,20.1
62,45.45
57,56.07
14,6.78
0,1.36
0,3.74
26,52.03
0,10.66
70,64.29
36,47.05
44,45.32
43,48.89
0,0.76
16,12.99
79,49.23
90,58.23
53,59.07
3,9.68
46,28.82
0,5.21
62,45.23
8,13.57
51,19.93
58,50.94
11,28.19
65,64.64
54,53.75
46,60.64
5,17.62
0,1.7
0,2.9
0,31.08
0,19.06
0,15.27
0,3.4
8,27.45
58,50.82
68,32.52
9,11.3
60,57.25
76,68.7
0,-2.72
33,17.86
59,59.56
61,48.18
12,16.8
0,13.83
57,57.04
21,25.13
54,55.68
69,57.78
45,55.02
53,54.13
51,22.47
1,20.15
0,16.31
9,2.73
4,19.14
0,2.04
53,7.67
25,23.38
52,59.31
70,56.17
66,45.83
35,44.74
8,22.73
72,65.36
29,4.42
0,10.58
50,56.88
44,55.64
0,2.02
62,45.43
46,54.97
68,58.14
53,48.95
31,27.77
33,15.55
20,21.83
0,-0.72
36,42.03
0,0.23
62,44.84
47,53.29
17,18.13
45,48.33
0,10.22
17,16.3
70,57.5
3,5.77
19,13.23
0,2.8
49,57.38
40,50.98
0,-2.21
0,-0.67
16,19.88
26,23.17
0,-1.62
61,48.28
0,4.68
57,56.91
42,47.68
6,11.77
47,17.72
0,-2.2
0,3.77
60,45.83
0,20.59
61,55.32
56,34.94
0,9.7
7,16.79
0,7.36
37,54.5
66,53.53
4,10.24
47,27.65
49,55.03
66,54.64
10,15.63
46,54.26
0,6.54
65,69.49
64,53.29
0,-0.2
57,52.94
12,13.57
0,1.75
49,49.88
60,53.65
0,1.0
59,46.99
61,56.91
49,48.55
43,54.31
0,5.38
0,0.0
18,21.1
7,14.91
0,16.13
18,38.6
55,59.01
49,56.07
0,-0.2
32,29.69
81,72.57
11,12.55
23,5.37
48,49.88
6,14.57
55,50.51
49,47.57
0,3.24
65,51.36
3,13.5
68,43.54
0,-2.61
24,18.89
62,57.28
32,36.03
65,27.84
71,56.18
43,48.83
5,19.05
35,46.51
0,1.56
6,1.78
12,14.25
52,45.48
9,7.09
63,55.45
47,50.0
2,-2.86
7,12.37
9,14.96
7,13.75
52,34.63
0,14.64
11,12.94
0,1.42
50,47.8
69,60.96
14,12.63
54,55.96
59,58.4
74,49.46
64,59.78
68,58.92
17,12.4
31,40.73
66,55.13
0,27.66
23,11.2
0,7.56
0,0.63
57,49.43
67,57.66
0,0.96
56,58.39
34,46.33
21,22.22
52,56.78
0,-1.66
65,52.29
67,23.62
68,61.95
3,27.71
21,19.78
10,11.38
0,-1.2
0,2.68
33,13.92
40,16.77
61,56.2
28,27.32
12,3.27
15,14.35
1,6.93
0,16.79
0,0.52
66,55.73
32,16.51
76,46.52
34,27.45
36,47.14
0,13.48
54,57.54
79,62.93
49,21.98
74,53.42
44,50.08
6,17.07
7,12.82
30,34.48
0,8.07
0,0.95
70,59.58
45,58.87
35,36.76
65,60.62
4,12.13
0,3.39
1,4.48
12,15.09
44,58.11
18,21.89
31,48.64
87,68.54
63,67.55
6,5.63
0,8.16
0,1.08
0,0.44
0,14.94
40,45.06
26,13.92
3,6.53
59,57.99
57,53.24
79,77.91
57,46.1
25,25.39
32,21.11
40,50.51
16,21.07
46,45.76
14,17.34
0,-0.11
16,33.03
0,1.26
81,68.91
56,56.8
42,49.95
10,27.25
5,23.13
79,53.08
41,49.56
63,55.86
7,16.42
0,15.51
14,20.39
0,2.95
0,5.42
50,49.82
0,4.04
0,1.83
0,3.22
5,17.31
28,28.03
40,43.54
22,24.53
35,24.48
61,47.47
5,24.13
52,57.14
31,51.62
28,34.82
60,58.24
78,77.82
35,13.83
44,52.87
28,22.13
41,46.76
53,59.55
4,2.94
35,34.58
25,6.83
51,54.82
69,59.4
34,31.42
6,18.87
62,49.0
57,59.58
43,49.28
0,1.85
66,51.92
12,40.35
43,45.73
67,54.73
71,51.44
0,1.44
38,16.59
67,68.0
36,13.52
33,40.68
61,45.9
54,24.43
51,61.01
33,41.0
0,8.27
46,48.39
1,1.94
82,57.09
4,5.07
35,21.78
43,19.41
56,57.8
6,12.24
0,1.93
0,-1.46
0,2.38
0,54.81
27,17.44
31,24.48
45,46.46
0,0.82
0,4.91
55,65.45
23,7.19
17,21.06
51,68.12
59,42.34
48,60.35
0,3.98
49,52.31
0,-1.2
65,52.41
75,30.84
49,50.6
80,71.05
47,48.28
37,56.62
59,53.94
51,63.76
45,52.39
64,56.23
58,31.57
6,3.0
36,41.92
0,-0.37
60,47.23
46,50.88
68,61.38
63,55.63
12,9.27
31,19.56
50,44.26
36,48.06
0,-1.25
0,19.42
35,44.05
43,51.14
41,44.01
2,17.69
47,46.88
0,9.11
72,67.67
6,12.2
0,5.45
3,-0.68
41,53.51
0,3.05
31,18.91
2,17.45
13,15.16
49,48.28
25,23.26
0,2.24
40,21.39
38,46.86
72,64.19
53,49.05
58,59.53
39,39.17
40,47.69
9,20.87
59,58.52
66,54.97
46,45.45
28,25.71
8,8.8
15,18.57
45,56.28
1,14.34
11,8.66
9,4.27
64,45.2
60,56.27
15,10.79
64,45.34
62,57.68
2,15.61
45,52.96
7,20.34
0,2.9
49,52.47
0,-1.24
0,0.18
63,53.22
5,8.48
28,18.65
50,57.51
51,48.96
1,6.04
0,-1.21
83,72.52
74,59.19
0,10.75
41,29.87
0,6.33
0,3.12
0,-0.97
0,-0.04
76,37.8
44,53.12
35,12.31
8,19.21
12,22.04
7,22.17
10,0.6
0,0.17
0,19.44
9,19.62
0,-0.46
34,26.86
0,-0.5
61,57.72
47,47.73
7,17.41
77,68.7
0,-0.31
22,21.9
0,1.77
0,1.45
54,20.53
17,17.34
19,20.42
76,60.66
0,2.75
0,9.36
29,16.99
26,15.61
0,-11.47
35,14.98
14,21.19
60,75.73
0,20.27
20,31.79
40,55.76
55,58.08
0,-2.25
6,14.57
15,14.04
53,50.4
8,19.37
9,16.66
0,-0.64
12,10.58
52,56.1
47,48.82
26,35.56
0,-1.31
35,43.26
53,54.11
2,2.47
66,58.86
72,52.09
12,5.35
37,22.66
52,56.03
54,51.91
57,54.51
9,17.1
42,48.43
6,14.71
0,-3.01
31,17.4
0,6.07
39,49.42
3,21.83
56,58.74
0,1.73
86,60.13
0,13.08
60,52.59
29,35.32
0,10.3
65,40.18
50,38.8
38,41.18
0,-0.06
56,58.89
33,48.62
58,64.21
33,55.24
0,2.48
61,57.54
0,2.75
13,0.55
76,44.25
47,48.2
65,63.25
0,3.53
0,6.53
70,76.69
19,14.46
0,-0.14
41,47.11
0,9.52
0,-0.85
0,4.43
67,57.66
11,12.81
6,1.06
71,63.43
10,21.21
3,11.23
74,57.91
52,53.46
70,63.67
49,38.57
0,0.2
7,14.42
60,57.21
56,45.94
45,49.27
22,35.55
64,57.33
31,34.71
58,61.17
57,53.39
0,10.23
0,-1.49
0,6.78
0,4.67
45,55.7
37,46.3
9,2.31
0,-1.39
70,62.72
23,22.13
66,52.11
11,15.16
40,46.1
0,2.69
20,19.89
63,44.16
72,70.39
6,20.86
1,12.39
48,56.79
48,24.94
0,7.18
13,6.7
36,50.89
24,19.64
78,59.49
0,5.07
73,58.58
75,68.67
7,9.12
79,69.8
14,13.61
16,25.91
3,8.57
3,28.03
75,49.94
55,54.41
64,64.71
54,18.75
1,-1.13
17,3.27
0,5.89
66,57.95
0,7.88
31,19.58
6,11.1
4,3.84
0,9.36
0,0.38
59,10.42
67,65.9
48,39.04
8,7.34
63,73.19
0,5.34
11,0.59
0,4.29
72,62.1
9,12.92
0,14.29
12,-4.77
27,10.6
5,16.71
9,4.85
33,46.81
42,52.25
48,41.81
1,3.97
20,12.99
48,46.67
50,51.84
55,50.72
6,9.07
47,45.14
43,55.83
50,46.39
58,52.51
0,2.61
16,14.36
20,51.1
68,54.05
23,13.21
56,48.16
32,32.48
58,58.16
25,29.42
62,50.41
51,46.92
64,65.89
22,20.66
0,-0.55
51,45.85
54,45.93
11,15.38
1,12.28
55,56.21
0,6.23
59,57.18
80,55.42
42,57.07
5,-1.42
7,15.32
4,5.58
0,4.34
18,25.03
10,0.19
63,66.88
0,18.48
0,9.83
64,48.26
0,12.66
0,-0.75
0,11.06
75,54.95
7,8.57
4,7.68
0,0.46
9,13.29
50,54.49
35,64.71
66,48.33
22,20.2
53,51.05
23,18.77
32,42.4
67,71.17
80,66.44
0,3.95
28,71.77
0,3.01
26,6.4
43,27.41
39,44.59
7,18.22
1,0.21
0,0.36
24,8.51
9,20.05
46,22.12
4,8.0
27,15.6
0,0.41
76,79.45
35,31.11
52,52.54
6,16.24
40,20.5
5,16.55
44,52.49
0,7.24
64,54.3
65,49.92
4,42.95
1,-1.23
58,41.42
64,70.54
0,0.69
0,2.12
32,22.44
50,46.54
9,41.58
38,29.02
24,16.7
55,52.45
62,60.85
0,0.85
65,59.32
16,21.86
3,9.13
44,47.22
53,55.92
36,24.39
5,16.39
61,60.29
31,51.08
0,2.19
0,-1.35
39,16.75
0,1.76
14,15.41
1,18.12
3,-2.85
0,7.1
43,52.78
55,47.38
9,31.54
24,63.63
47,59.7
42,44.26
0,12.67
45,46.52
70,69.04
33,36.27
56,33.86
80,71.52
35,49.61
30,15.91
0,3.48
42,51.73
72,57.97
59,56.0
0,25.13
63,59.95
13,24.07
53,56.58
58,54.18
1,-3.09
55,41.85
0,1.52
52,50.77
0,-0.76
28,44.55
32,50.65
38,41.14
1,12.71
0,0.63
0,9.38
0,6.02
3,25.94
0,1.88
41,56.07
8,13.82
54,55.69
60,55.85
16,7.85
26,0.08
12,11.13
2,12.65
0,1.71
17,51.29
8,17.61
50,21.51
0,3.68
33,19.19
0,0.3
60,58.44
0,5.31
4,5.82
7,8.52
0,14.03
48,50.32
39,53.37
55,54.58
5,17.18
0,2.13
47,61.72
50,53.37
0,-1.18
0,10.85
45,41.42
67,54.5
8,12.91
65,55.6
0,14.52
16,6.22
65,62.8
71,49.43
9,12.63
57,64.9
55,55.62
0,2.72
41,22.84
70,52.79
45,24.06
52,54.09
65,45.45
0,1.28
4,9.22
0,11.4
0,8.98
71,53.02
50,52.91
29,11.73
57,53.42
11,27.75
79,57.09
0,15.39
61,49.99
0,13.19
1,11.58
1,2.88
0,14.23
59,40.26
10,9.76
0,20.36
15,11.18
12,16.8
25,13.94
40,48.34
9,14.44
56,58.72
0,5.68
1,5.78
32,19.3
20,27.77
69,74.29
75,54.18
0,0.26
7,8.83
31,9.15
7,0.34
57,57.31
0,5.01
56,55.04
21,19.84
65,52.21
33,24.33
59,56.8
60,50.43
1,34.13
0,-1.57
54,52.33
1,4.46
3,37.55
71,59.5
0,-0.13
63,60.61
48,43.17
47,51.45
60,17.0
33,55.29
60,53.29
80,70.45
5,3.5
51,57.49
75,53.64
5,10.8
71,69.7
62,56.35
47,58.19
0,2.71
65,41.39
50,28.45
25,18.5
0,4.09
55,46.53
0,2.65
15,18.62
9,16.74
18,9.8
11,15.98
0,4.93
28,14.74
0,0.31
14,4.51
51,51.56
0,9.63
0,-1.11
0,6.39
15,3.58
0,5.36
15,2.33
54,44.66
37,48.48
44,44.89
60,51.64
59,58.38
0,-1.13
63,53.38
56,53.21
8,0.83
7,9.88
44,29.8
0,-0.77
42,24.19
30,23.98
55,48.18
23,9.38
31,8.87
19,40.95
57,44.65
63,49.63
54,54.3
14,29.22
63,48.58
4,13.99
59,51.58
13,14.45
18,24.36
18,37.98
0,-0.56
50,39.04
71,57.31
0,5.7
7,4.16
5,1.78
37,28.98
5,4.81
65,52.79
18,42.17
65,63.27
78,65.9
11,16.98
49,55.74
60,60.15
40,53.1
0,2.74
0,12.99
0,2.89
9,22.03
44,45.17
69,74.54
32,43.98
0,19.98
0,0.43
24,9.43
46,45.47
0,-1.64
0,1.96
56,46.29
13,22.59
20,18.07
44,23.15
0,1.82
15,15.6
61,53.18
57,59.38
23,17.6
0,0.87
52,56.63
0,0.66
34,23.14
77,77.98
0,0.46
71,58.62
0,0.87
35,29.06
45,55.53
54,56.81
22,9.22
42,55.03
1,5.57
0,6.48
7,13.28
2,0.73
0,5.49
8,7.08
10,21.14
79,59.51
34,42.17
23,39.97
0,5.66
21,25.22
52,46.55
13,9.14
58,56.6
16,18.57
1,10.76
15,16.48
61,53.87
0,2.84
33,52.9
0,22.38
0,-2.44
63,68.6
41,51.25
53,67.56
7,9.72
13,11.15
52,51.57
14,16.92
45,54.69
31,42.37
1,0.4
0,7.89
0,-0.24
58,49.31
57,62.66
53,61.07
25,20.36
0,15.04
73,49.2
32,32.26
71,59.68
0,2.32
0,2.37
30,15.31
43,53.56
1,-0.18
32,34.03
74,73.98
50,44.82
7,9.75
46,51.79
5,12.21
0,-1.7
37,50.04
0,10.07
0,5.75
34,18.02
18,18.63
9,16.42
30,28.0
23,15.87
65,55.58
0,0.13
12,28.39
9,16.23
4,2.51
60,51.89
0,15.02
56,11.19
54,43.23
0,-0.26
5,14.35
53,55.62
2,-1.12
56,42.66
67,73.48
54,49.56
16,6.94
65,50.41
0,2.18
19,10.42
0,-2.81
27,28.85
0,-0.24
72,45.5
22,17.39
8,4.79
7,8.56
48,52.15
67,57.95
41,56.23
49,46.76
51,59.87
0,1.79
37,40.93
0,4.96
47,43.35
28,10.38
29,27.47
13,15.43
19,26.76
61,63.97
36,28.03
8,15.91
9,8.93
27,7.75
41,50.28
3,13.59
0,1.85
1,8.3
0,3.63
0,-1.33
52,55.57
69,56.39
60,59.53
71,83.4
5,8.58
0,0.79
9,24.09
44,46.63
27,27.0
49,49.42
2,2.66
37,16.54
19,39.79
60,52.41
0,13.67
0,20.73
61,9.07
47,47.75
0,7.09
44,48.07
44,52.82
84,81.86
25,18.46
14,18.85
36,26.14
49,53.14
53,55.31
56,28.09
25,25.27
52,48.89
67,56.08
14,32.69
63,50.82
30,41.35
41,28.01
0,17.94
27,22.35
51,52.04
53,54.65
12,13.64
7,24.64
52,46.58
66,58.3
0,-0.93
58,61.36
3,3.43
0,-1.67
42,44.33
7,14.75
17,21.63
58,51.25
57,27.33
7,8.32
65,59.3
0,12.9
45,54.82
34,46.96
52,51.79
48,49.15
55,60.24
5,15.18
6,8.56
2,8.0
9,11.42
51,56.59
34,52.96
50,56.11
0,-3.09
56,53.09
54,55.4
69,65.83
19,10.71
0,11.01
64,68.64
0,12.29
55,58.47
58,58.41
0,3.89
41,26.25
26,8.88
48,52.27
57,43.63
25,25.98
48,50.68
54,49.26
37,50.77
0,4.73
19,16.66
0,5.01
0,9.75
85,62.62
69,58.12
8,12.65
31,24.97
24,15.11
37,47.11
69,51.88
19,20.75
60,58.02
18,24.36
0,12.09
0,3.18
43,49.43
21,16.28
50,45.89
0,5.95
0,4.53
42,44.04
54,49.02
0,4.79
18,18.47
5,10.47
46,53.29
61,54.25
39,23.48
0,7.89
55,58.44
53,45.78
0,3.27
4,11.74
71,63.89
31,25.18
43,52.97
64,55.32
9,11.5
52,57.63
12,12.7
0,6.02
8,40.92
54,59.74
5,13.06
0,2.97
0,6.56
0,0.05
1,4.23
0,7.66
74,60.24
0,8.58
0,3.27
24,21.1
58,59.6
0,5.83
82,71.57
25,24.38
75,59.31
49,49.58
0,-0.8
10,5.28
48,53.59
1,2.59
51,54.28
42,54.07
6,25.46
60,62.49
52,54.93
36,17.64
18,29.77
78,59.63
53,56.34
57,54.87
45,60.72
61,41.36
73,49.77
6,13.25
47,53.36
60,54.23
26,60.36
16,16.25
10,13.49
49,60.76
70,54.12
29,28.39
0,9.47
25,21.55
7,6.68
37,44.33
22,13.63
10,4.56
0,-4.12
61,24.98
50,55.95
6,11.09
0,-1.27
40,52.84
0,0.98
1,20.02
25,23.4
7,17.74
0,-0.11
59,49.52
51,52.72
41,11.49
7,16.8
77,71.06
9,12.39
52,54.6
49,58.48
18,17.78
1,1.77
46,46.53
49,56.11
0,-1.34
49,42.05
22,56.97
2,2.73
47,44.45
14,20.9
72,67.71
8,2.05
51,54.06
0,6.89
1,17.76
0,13.92
51,47.08
0,-2.47
65,57.35
28,49.7
70,57.6
52,47.94
0,8.56
0,4.69
1,3.01
79,56.64
30,8.47
66,56.0
57,49.7
4,20.03
42,48.23
12,20.31
2,1.78
38,54.33
0,0.72
16,16.59
0,4.45
12,12.75
54,51.57
0,7.62
60,40.79
36,22.92
50,43.64
61,56.28
45,48.26
68,36.78
1,3.45
6,10.49
57,55.35
0,-1.19
0,-0.72
45,51.26
41,46.74
65,69.0
20,18.36
0,2.9
77,41.9
62,57.45
40,50.75
73,81.46
2,9.41
20,25.25
6,18.82
36,44.13
28,17.13
5,20.63
48,55.46
23,31.46
55,34.48
0,8.16
19,11.73
0,11.05
12,51.7
67,55.1
0,12.98
0,1.42
31,50.71
15,24.62
0,1.96
0,3.88
75,63.59
6,14.56
65,47.7
26,4.42
6,24.38
56,51.1
0,17.5
0,3.4
13,6.55
41,6.38
0,3.27
4,19.58
0,6.3
54,56.61
0,1.27
51,56.41
4,8.69
50,13.38
22,10.94
31,1.47
58,54.57
21,17.01
0,-0.09
9,27.13
64,53.73
60,60.05
0,0.15
0,4.82
65,58.09
0,2.45
0,3.35
19,5.77
42,16.94
12,6.78
0,2.11
4,9.13
1,12.2
0,7.35
65,62.71
63,57.72
42,46.3
43,54.23
46,50.37
0,3.01
11,-1.45
0,0.04
42,41.66
15,12.92
1,11.75
57,50.15
71,56.25
52,54.72
38,52.28
0,-1.05
0,4.77
17,19.5
39,49.1
0,10.07
73,46.24
26,35.76
71,67.42
0,5.89
52,61.01
10,2.64
60,56.23
34,18.66
40,45.59
14,9.29
68,56.19
57,56.75
51,59.26
25,20.48
8,22.4
56,56.37
8,0.7
52,55.5
42,31.02
54,54.59
52,59.44
58,52.62
0,6.13
73,75.85
53,49.92
55,54.93
27,14.25
1,2.65
24,14.68
59,54.73
0,1.26
0,3.57
25,9.73
52,54.94
2,8.59
0,2.72
0,6.36
26,20.51
79,71.05
0,13.3
41,13.44
68,60.64
58,54.19
0,1.92
65,62.09
0,1.92
8,51.99
2,12.3
56,65.94
0,4.15
8,4.96
0,3.21
21,45.11
0,9.71
52,60.6
5,14.71
0,0.45
60,51.73
10,11.37
0,17.35
54,60.77
8,11.59
0,9.94
7,52.02
0,-0.16
22,7.48
86,68.28
59,26.62
0,2.03
30,24.71
64,55.88
68,38.58
11,4.11
37,37.32
61,56.88
33,29.68
41,57.97
0,6.22
44,17.36
3,20.86
0,6.95
9,6.66
68,53.14
39,50.59
65,46.63
0,20.9
0,0.67
68,61.28
4,3.11
57,51.83
27,40.35
17,19.73
10,11.52
0,15.4
56,48.68
12,34.13
51,18.73
42,22.74
2,39.86
0,-1.11
0,0.09
0,2.74
70,63.01
32,26.2
59,45.8
69,60.56
0,2.46
65,57.29
5,24.98
52,51.88
0,0.96
0,-0.38
0,2.46
3,19.33
0,0.43
12,10.17
13,18.89
56,57.56
34,34.54
48,54.46
1,4.01
20,25.33
39,39.32
62,57.37
0,-1.98
0,8.61
69,69.24
8,14.27
74,54.8
0,2.08
49,54.97
67,46.53
1,16.64
46,51.63
53,54.31
7,13.18
44,21.68
0,-0.84
85,60.82
4,6.97
29,5.18
12,14.99
12,13.19
48,43.05
0,-1.59
30,20.44
47,60.41
0,1.45
19,15.06
39,57.75
64,53.91
18,19.84
9,25.98
32,34.57
43,20.91
68,61.67
53,59.56
51,42.25
35,35.11
0,1.87
11,20.73
12,16.66
7,14.98
0,1.73
0,5.79
0,2.15
48,62.49
0,-2.34
35,48.78
3,8.19
0,4.53
37,44.39
0,0.8
68,57.26
0,1.1
7,13.62
44,54.04
11,11.37
0,0.54
1,0.93
0,1.69
0,1.91
71,63.86
43,25.54
0,7.45
0,1.5
3,19.43
14,15.78
39,48.08
7,9.42
45,19.41
59,63.01
51,49.34
68,17.48
0,-2.9
67,17.54
0,0.94
22,18.77
16,18.51
71,75.38
6,11.66
65,52.79
0,4.21
0,4.12
0,-0.26
0,2.51
0,2.13
20,11.66
11,15.18
53,49.24
61,64.27
47,53.23
69,62.94
0,5.78
34,21.97
55,57.07
61,46.34
46,53.54
49,55.84
8,5.66
6,16.38
0,15.54
0,-0.33
5,1.71
10,10.44
0,16.77
55,55.04
54,54.3
36,19.58
1,3.33
0,11.12
27,17.43
18,8.07
69,60.76
0,9.21
0,1.6
54,58.61
25,58.66
0,0.62
0,-1.31
13,20.61
11,45.73
0,8.78
43,48.14
58,58.06
0,1.57
53,38.54
41,50.77
60,52.31
74,30.14
0,13.29
0,2.27
0,0.75
0,8.95
0,0.73
57,47.0
54,58.18
31,23.25
0,3.42
10,23.61
62,58.61
0,1.53
38,16.02
71,54.56
0,6.32
53,41.45
43,50.35
50,52.81
43,31.78
78,59.6
62,55.03
34,44.37
16,11.0
0,-0.47
52,51.95
49,52.57
57,21.89
0,23.91
30,21.74
21,30.86
65,56.93
31,21.12
53,51.4
50,23.86
62,31.1
55,56.45
49,59.54
0,-0.14
0,7.1
22,22.04
10,4.97
9,19.29
46,9.74
0,-3.79
35,46.06
0,7.43
0,2.1
66,56.3
5,11.21
15,30.01
39,58.22
63,20.54
0,6.82
0,0.79
0,-0.26
10,8.96
0,2.11
67,57.97
52,60.3
0,-0.06
66,48.01
0,-1.89
53,49.35
54,52.47
0,-0.3
28,44.46
17,45.78
0,2.79
47,58.49
52,46.47
0,7.61
7,13.46
40,19.79
76,54.46
24,37.31
53,57.89
6,29.29
55,52.65
43,52.27
4,10.05
18,23.84
45,46.68
0,14.65
0,2.31
0,4.57
84,71.77
49,51.97
22,6.96
51,49.56
76,47.65
32,43.38
58,54.83
25,24.74
14,14.21
10,18.49
33,32.9
18,14.36
54,54.08
41,46.97
83,65.95
0,-1.23
67,56.17
14,30.16
51,55.92
58,59.04
64,54.03
64,56.52
44,49.38
53,54.11
18,34.31
31,25.54
51,56.2
51,55.29
35,20.57
10,9.85
33,20.84
71,71.79
0,4.27
12,8.13
49,52.07
73,66.34
27,13.13
38,50.65
56,55.85
0,-0.29
18,25.03
51,45.65
34,24.05
0,-3.03
16,3.91
37,46.48
56,53.85
75,56.85
61,56.88
46,52.0
39,7.69
5,13.55
49,60.35
29,30.97
6,5.06
0,9.84
49,47.39
0,3.29
59,57.89
4,20.02
0,0.18
4,6.11
19,19.92
51,62.94
0,-0.13
58,53.46
10,6.84
66,61.08
52,51.79
54,56.88
0,-0.08
26,19.44
4,8.01
58,50.7
5,19.03
62,63.73
62,55.2
0,-0.73
8,17.47
10,48.28
37,47.23
15,21.23
58,59.4
25,58.66
51,45.84
29,13.69
0,1.67
52,20.25
12,20.27
47,56.27
54,59.1
61,54.04
0,11.64
0,2.53
15,18.96
15,17.71
10,17.43
49,53.27
20,19.34
3,7.13
49,46.75
0,-0.28
58,61.03
2,3.77
18,31.67
8,5.33
35,18.99
0,6.95
64,57.2
0,-1.63
59,49.73
44,51.29
22,14.5
27,20.58
4,68.87
76,73.8
0,11.33
58,57.31
9,11.62
0,4.0
14,20.24
0,2.64
57,54.79
0,1.18
1,8.14
61,55.55
10,10.32
66,51.37
20,9.99
46,44.91
61,63.1
67,58.55
52,55.48
46,25.22
39,44.81
0,1.52
34,31.96
41,17.15
48,54.92
21,21.78
0,3.73
60,55.68
2,7.84
0,1.29
77,42.18
0,-1.15
14,22.91
47,57.46
0,20.38
68,65.91
0,10.39
59,57.35
0,-1.07
53,47.53
42,16.98
18,18.31
0,8.24
0,2.53
42,46.53
0,-4.9
60,53.92
57,55.86
13,15.0
37,51.19
54,55.86
58,31.61
67,67.74
60,60.12
60,54.17
17,13.51
72,56.26
59,63.52
53,47.2
26,27.94
0,-0.44
71,63.93
5,5.27
69,56.31
0,8.29
0,12.48
0,4.8
49,26.77
0,5.57
13,13.92
0,3.16
32,47.48
0,2.8
0,8.8
0,-3.77
13,11.26
72,64.08
85,60.87
3,9.29
16,18.15
11,16.67
74,64.22
50,51.47
64,53.92
71,49.2
13,14.92
94,52.54
30,28.25
76,53.35
24,37.87
2,17.58
2,6.66
35,33.99
18,18.76
76,54.91
65,52.41
36,50.39
59,56.89
46,16.61
51,53.01
50,51.37
84,61.46
0,3.84
76,73.38
44,47.72
77,69.99
55,58.39
33,29.85
55,53.96
74,66.64
0,-0.6
13,10.31
62,62.93
16,7.97
69,50.24
58,50.72
18,18.06
68,69.88
50,56.55
0,8.8
59,46.03
72,57.47
23,17.22
29,32.52
62,63.36
63,50.24
15,24.64
0,0.72
0,-1.87
51,44.2
29,32.72
25,20.81
31,34.21
0,4.45
65,57.38
63,66.67
25,40.21
0,-0.01
4,-1.24
13,8.76
42,53.06
67,45.25
75,68.06
17,12.92
0,-0.71
64,54.25
0,4.54
0,1.95
67,72.1
19,18.07
50,51.03
67,56.39
30,13.75
10,16.58
0,-0.83
64,15.1
0,0.4
62,49.23
55,55.35
34,48.5
50,52.27
10,8.74
44,50.65
37,16.04
16,22.0
63,51.82
0,5.36
1,3.33
0,6.74
50,49.59
0,3.47
0,3.66
0,7.16
83,48.95
0,1.54
14,5.57
10,13.27
82,83.15
64,56.56
33,42.97
0,2.58
4,8.32
32,26.33
0,-0.69
27,45.19
2,16.01
8,9.59
39,49.79
59,23.81
8,-3.82
1,19.3
22,21.27
52,49.33
8,31.13
23,25.84
6,10.45
51,57.75
67,58.91
24,21.29
52,52.4
36,35.64
0,1.89
44,12.86
53,52.8
25,32.47
10,1.84
23,40.14
34,46.27
9,4.1
57,60.84
71,57.86
53,38.09
26,20.53
52,61.52
0,-0.61
50,56.6
34,31.64
57,25.23
6,6.1
16,18.37
16,22.63
50,56.52
23,8.04
6,14.09
10,7.2
0,12.78
48,53.74
41,53.66
66,20.51
68,60.89
25,8.46
0,19.62
52,47.66
1,-0.68
42,44.05
8,18.5
33,10.55
45,18.19
33,25.37
80,67.68
51,37.39
67,65.79
55,52.4
21,15.57
27,18.82
0,-1.44
0,2.62
68,34.05
40,23.75
32,2.32
40,52.2
0,8.81
15,40.9
54,48.88
0,5.39
0,12.92
41,25.88
0,16.31
3,5.0
0,-3.01
33,18.38
1,0.29
0,0.53
56,51.6
53,51.38
0,5.35
39,21.62
70,51.15
57,57.86
39,49.45
22,10.54
51,47.4
0,2.42
31,34.21
38,49.07
83,50.37
0,-1.88
5,14.22
30,44.83
5,17.6
31,21.51
55,61.79
46,55.68
11,17.8
13,10.04
55,55.39
0,8.18
11,25.42
52,56.31
8,19.5
38,49.83
40,45.55
74,55.85
17,11.79
0,13.3
18,13.78
16,12.34
42,49.8
0,-0.24
66,62.9
41,48.38
46,48.81
51,59.05
61,51.17
55,48.83
61,52.7
2,0.32
27,54.77
7,5.71
53,56.83
59,53.88
0,-1.22
62,52.23
55,54.52
13,5.32
55,47.44
9,17.96
71,59.35
2,5.68
0,5.98
10,8.75
6,16.56
9,16.95
9,2.96
0,-0.41
6,7.69
0,4.13
7,9.68
59,52.52
71,55.15
70,55.93
17,3.05
66,45.4
3,2.33
0,4.71
49,28.58
15,12.83
51,55.54
44,43.85
7,4.79
0,-0.73
56,58.67
42,56.47
32,45.92
46,52.79
46,21.43
76,67.72
47,41.14
48,30.11
0,13.8
38,57.67
45,17.94
5,14.08
0,0.01
37,30.34
24,23.09
0,12.11
31,24.04
19,22.99
4,13.19
0,-4.29
0,-1.24
35,22.76
0,8.41
56,45.68
56,43.84
16,14.81
0,0.3
37,49.51
0,5.89
3,14.18
54,50.04
45,46.92
9,16.62
54,47.11
33,38.38
0,-0.95
51,55.12
49,22.12
61,38.98
39,47.17
15,9.92
78,56.03
0,5.24
8,19.88
16,4.07
60,61.5
0,2.81
42,43.47
48,45.54
2,8.3
61,55.57
0,-0.18
63,57.24
49,41.46
46,53.44
4,6.08
1,6.61
0,0.68
50,56.71
3,1.75
60,44.37
34,1.8
12,17.44
70,46.26
7,6.25
32,24.22
73,54.69
0,1.43
1,-0.06
59,11.03
15,30.21
48,46.04
45,44.98
57,24.12
77,58.11
71,57.86
3,1.67
38,42.36
18,17.31
0,4.09
37,42.67
12,28.82
9,12.11
63,60.38
51,51.86
42,43.6
48,56.28
59,52.06
5,6.38
0,6.65
17,12.8
0,10.99
72,57.45
41,27.26
69,73.85
0,1.01
43,53.48
16,16.36
74,53.56
42,53.5
0,4.87
65,54.26
55,56.44
0,7.51
48,42.63
2,3.46
75,52.87
18,17.65
41,46.76
0,-0.74
4,6.95
75,72.29
54,53.89
0,4.58
32,3.87
0,9.46
54,54.57
15,28.31
23,47.17
32,5.84
0,3.89
28,19.81
0,3.55
0,20.85
0,3.05
0,1.64
22,11.92
0,2.18
24,7.62
55,17.06
19,6.18
75,35.09
0,19.72
56,52.05
10,9.29
46,54.78
47,22.67
14,18.09
47,48.23
4,11.01
0,1.99
1,6.77
63,61.79
70,62.78
70,61.53
12,8.35
0,14.6
10,15.43
14,23.55
7,15.04
37,17.59
1,13.23
70,57.31
0,13.97
78,54.52
70,42.21
47,59.66
50,23.01
42,45.56
6,10.03
55,47.88
0,18.59
61,55.42
4,10.66
26,14.11
0,9.03
35,41.18
1,4.81
8,24.71
67,58.5
9,14.78
42,52.52
65,59.25
64,55.02
1,1.76
60,47.04
8,10.13
60,55.88
0,1.9
3,7.18
4,6.35
49,57.81
66,67.67
61,48.27
0,4.52
34,30.02
42,57.8
68,62.97
63,61.09
34,38.11
55,46.91
34,28.16
0,12.88
6,4.17
49,10.26
71,62.94
62,52.84
0,3.44
38,38.83
65,52.0
68,52.27
0,16.57
0,7.35
23,24.48
43,48.93
0,8.48
0,-6.08
31,41.37
0,-0.51
72,82.25
64,56.44
0,0.78
44,52.82
0,0.33
0,0.33
0,10.13
55,46.53
0,11.89
38,44.71
40,49.7
73,52.86
46,54.43
0,6.27
0,1.94
0,10.83
0,1.68
53,22.47
74,70.34
54,54.87
67,55.85
66,70.49
78,56.89
17,22.28
4,17.14
62,51.81
33,42.65
0,1.28
0,5.62
4,2.69
43,52.96
46,53.35
20,36.94
52,47.18
0,12.85
18,18.54
61,61.3
56,48.91
45,31.87
66,46.57
25,48.66
0,0.7
30,41.6
0,7.17
7,6.53
48,43.9
6,7.53
64,71.45
72,60.93
45,58.14
0,-0.05
82,65.28
53,55.83
17,23.79
4,4.97
33,40.5
0,6.86
59,56.7
41,48.76
51,45.47
0,-1.75
0,7.01
4,18.93
0,9.32
0,2.44
45,49.26
7,27.3
58,59.78
31,21.06
28,20.51
10,13.15
57,43.94
1,4.17
33,49.89
45,37.82
56,41.63
73,52.95
42,49.94
27,6.88
1,10.04
72,57.15
63,20.22
63,48.17
0,-2.32
9,3.02
37,5.44
2,15.1
76,63.8
0,6.58
2,17.84
29,20.31
22,21.02
58,53.78
71,56.1
62,55.41
32,29.69
0,3.2
49,51.3
10,25.79
56,58.51
40,22.77
0,4.05
0,1.03
0,1.66
68,60.34
57,30.12
0,-1.35
81,63.82
51,66.44
48,52.26
7,2.92
0,8.16
0,11.02
0,-1.96
47,21.35
59,58.57
11,19.21
46,44.84
0,0.33
10,6.68
53,52.44
61,59.16
21,20.12
13,10.29
0,5.43
56,57.75
82,60.32
21,21.49
56,52.03
9,15.05
38,52.21
59,48.41
13,16.67
70,51.71
26,22.93
0,1.84
11,20.59
0,-4.88
58,59.49
57,52.42
76,50.56
40,46.03
49,17.7
7,9.81
0,2.72
0,2.63
7,22.79
8,5.88
22,31.79
59,56.57
0,4.17
32,44.44
43,57.67
0,3.55
11,22.65
11,6.85
77,58.38
0,3.41
65,69.65
70,76.3
0,0.51
5,33.64
0,3.3
28,34.82
0,3.46
58,58.59
42,50.47
0,5.9
67,59.84
0,2.07
6,22.04
0,0.17
5,18.83
30,17.71
48,52.8
1,1.38
49,54.33
76,59.8
46,56.43
34,33.07
28,20.39
73,55.63
0,-1.03
1,15.16
30,37.01
19,-4.35
79,62.02
19,39.96
6,8.0
0,6.57
9,18.47
53,49.66
55,58.34
0,3.21
62,59.18
59,38.07
23,30.98
52,27.1
0,7.25
36,24.86
41,46.79
33,43.0
0,3.23
0,-1.32
48,50.05
0,-0.17
58,57.13
63,73.09
8,9.32
13,13.08
65,55.66
24,24.1
54,49.04
60,53.4
77,53.78
20,24.7
67,13.35
47,54.17
8,19.2
0,2.02
35,14.82
50,46.51
44,55.19
8,11.87
57,57.02
10,10.5
0,4.73
60,48.28
0,8.87
57,64.01
32,17.61
17,18.3
56,55.86
64,39.37
66,55.77
38,35.39
0,1.29
12,27.43
55,44.21
22,3.1
59,80.25
57,54.23
27,18.5
44,53.6
21,12.08
0,-4.4
0,16.31
0,0.11
26,27.45
0,2.25
34,30.94
58,42.56
56,58.67
0,6.81
9,9.05
0,-0.32
29,27.87
56,61.37
9,17.09
0,8.49
68,53.43
47,47.13
0,0.47
21,41.17
49,53.9
20,19.65
44,44.38
0,-0.99
33,17.88
30,7.96
0,19.85
0,-1.24
52,53.69
24,11.8
45,54.95
0,16.55
0,-2.25
58,50.89
48,46.73
55,23.25
0,2.73
24,45.31
17,22.3
16,5.21
76,72.61
25,14.25
62,52.17
0,5.8
64,59.48
35,47.43
29,24.93
52,51.12
59,54.84
34,54.22
19,13.06
0,2.25
60,53.51
59,40.49
9,1.21
0,12.13
0,7.31
49,44.17
14,24.5
30,28.25
82,68.23
9,5.96
36,28.74
1,6.72
0,3.03
8,9.94
45,34.39
9,9.19
20,25.98
28,11.12
43,42.76
0,8.35
47,52.12
0,3.06
53,55.8
0,5.88
0,5.41
34,10.8
0,-1.27
72,64.32
31,42.57
68,62.75
0,17.82
64,65.7
12,23.94
0,-0.57
44,38.1
49,57.16
0,0.31
0,4.3
53,55.03
55,43.01
0,-0.1
60,56.45
78,48.35
53,55.27
34,19.06
37,42.02
69,66.1
50,58.16
45,51.8
0,8.44
48,48.26
5,2.58
14,22.48
0,-0.83
0,16.78
37,44.69
28,17.94
1,17.31
17,10.2
54,59.14
0,2.4
17,21.2
7,37.35
16,5.15
51,52.78
66,36.97
7,37.86
49,46.28
0,9.58
6,7.81
26,17.95
31,24.76
0,4.31
13,13.93
0,5.62
15,14.36
55,54.56
0,1.39
53,59.13
0,0.76
0,0.39
52,54.1
0,8.92
67,53.87
0,13.49
31,12.76
61,19.08
48,55.94
74,80.24
0,-0.33
0,6.22
73,61.74
0,54.81
54,51.42
32,11.68
52,53.46
0,9.08
54,59.36
35,46.25
55,31.22
54,47.01
1,3.16
0,8.17
54,60.52
0,0.51
15,12.77
64,53.74
60,60.44
59,59.23
49,53.77
0,3.79
0,3.94
6,28.58
20,47.14
65,63.34
83,61.39
3,3.21
3,3.44
66,54.56
84,47.04
48,50.55
41,30.94
42,51.49
24,24.61
4,-0.37
81,75.85
10,13.5
72,69.15
44,56.57
36,7.17
12,9.96
0,-2.28
0,-0.72
0,0.98
11,7.34
33,46.68
37,43.82
19,38.57
0,5.05
57,54.91
17,17.69
46,52.21
51,58.46
64,44.79
54,63.21
0,-0.43
45,49.17
1,1.79
62,53.83
0,6.06
64,26.11
18,37.33
50,59.11
8,10.86
12,9.2
47,20.56
12,10.29
53,59.14
54,58.79
67,52.92
1,-0.75
78,59.09
50,47.88
62,62.19
17,18.36
52,47.94
74,55.63
56,61.21
56,55.46
59,54.86
62,59.11
64,57.26
72,60.12
10,5.66
0,2.02
0,-2.56
61,57.66
14,42.16
36,50.8
36,21.08
8,19.6
55,71.02
65,63.51
0,-1.19
18,16.87
18,18.64
51,55.93
0,13.78
0,7.85
67,41.65
51,43.98
10,11.55
19,15.44
8,15.83
15,21.43
70,50.29
33,22.13
9,10.48
0,-0.54
0,2.57
23,16.54
0,2.18
61,49.75
27,47.14
60,58.12
20,27.45
46,49.23
61,51.02
48,47.54
12,6.54
0,-0.62
52,48.79
69,61.78
48,45.7
75,61.64
74,64.72
53,54.18
40,47.62
0,1.08
63,59.29
33,38.4
73,51.96
62,57.16
14,10.35
13,13.02
53,59.38
0,8.7
0,3.62
78,61.03
0,12.84
44,55.2
62,58.94
27,28.87
53,51.91
19,35.2
42,48.29
0,8.91
68,55.4
78,67.46
32,14.92
0,8.46
26,8.78
0,15.69
7,18.06
72,49.58
76,63.81
0,-0.27
39,24.75
39,45.43
0,15.04
8,10.18
7,45.89
0,-1.81
75,53.92
0,8.83
26,3.55
45,37.85
22,33.28
49,53.5
0,-2.06
9,14.2
14,8.8
30,22.53
23,48.22
68,61.67
0,14.65
54,54.89
35,33.15
38,60.28
0,12.93
44,45.65
0,-0.37
45,50.33
53,53.93
65,59.07
2,1.92
15,14.22
68,56.67
14,10.78
61,24.26
73,61.17
57,42.38
68,60.83
44,44.94
49,49.13
0,9.8
0,15.01
68,55.89
36,20.84
35,9.39
2,4.78
43,23.55
0,0.29
71,47.28
31,12.68
0,-2.2
1,5.94
15,13.87
0,6.28
1,6.89
37,22.18
0,6.41
0,-1.73
5,10.25
51,54.94
47,50.6
69,57.77
55,51.11
0,-2.21
8,24.63
65,54.97
18,16.82
59,52.22
36,30.97
49,56.26
41,48.14
60,63.77
66,46.61
0,3.84
0,-0.27
63,51.82
0,0.14
64,64.27
25,16.26
1,15.33
13,23.18
0,3.21
11,36.37
45,48.2
49,49.38
39,62.15
36,18.42
31,13.53
0,8.34
28,48.81
77,62.13
0,0.5
1,7.53
0,9.65
16,8.79
78,75.88
27,17.63
5,14.77
12,17.78
17,17.91
22,24.75
58,58.46
0,8.21
6,6.03
59,58.55
0,-0.81
25,24.16
0,-0.26
5,20.69
9,4.73
0,11.08
13,24.3
43,47.15
0,1.4
54,57.88
0,2.29
5,20.94
42,53.62
0,2.23
4,5.43
2,3.74
0,-2.14
75,44.16
18,15.33
2,-0.96
39,51.34
78,61.17
0,13.15
10,26.05
0,8.27
44,44.11
11,24.91
43,48.68
67,30.54
76,40.93
41,50.46
3,4.46
54,48.57
21,8.18
64,53.21
66,60.7
68,63.26
65,53.85
56,48.72
74,45.2
0,2.93
1,5.83
4,17.77
0,-0.82
3,2.44
22,33.37
15,6.62
0,7.39
0,3.42
0,2.15
1,5.5
50,33.95
0,-1.09
68,65.13
14,17.19
53,55.4
13,15.95
1,3.15
0,-0.73
59,63.9
2,11.31
68,52.37
58,32.98
13,9.18
58,59.2
72,32.56
0,0.31
33,54.07
0,8.25
77,80.86
10,28.44
1,14.21
0,4.04
7,12.02
54,43.55
48,16.73
0,0.76
64,59.09
56,58.69
4,11.15
38,10.05
14,18.6
0,1.42
37,45.21
10,17.24
43,51.07
32,59.56
11,38.62
9,18.8
0,23.97
2,4.06
13,25.31
11,7.61
36,62.96
0,-0.77
78,61.27
32,42.67
57,62.56
0,-2.49
13,25.63
59,51.4
23,21.02
53,49.58
7,16.09
74,58.05
76,60.6
75,71.7
27,39.65
49,54.68
44,51.74
2,3.62
26,22.21
4,5.51
25,37.73
44,13.38
11,13.05
26,20.53
28,12.78
50,59.33
49,41.38
66,56.92
48,46.54
55,54.82
1,8.04
60,57.11
0,4.16
0,-2.03
6,15.16
0,7.24
68,47.33
0,1.73
8,14.69
58,55.45
0,4.73
11,36.26
56,44.19
27,45.84
52,54.07
0,3.76
69,45.6
1,0.12
12,16.0
0,4.42
20,22.87
38,45.92
0,-0.62
51,61.72
58,49.56
39,43.03
0,2.66
0,3.66
50,52.4
12,18.53
46,54.03
28,16.21
41,48.41
57,19.49
0,5.96
0,4.74
29,50.43
0,-0.8
19,18.06
60,62.34
0,0.19
50,62.22
38,50.94
65,49.63
52,46.49
33,24.75
32,20.82
58,64.36
69,45.42
0,-0.35
16,12.85
18,23.56
0,-0.44
56,38.14
0,1.52
61,60.39
78,71.36
22,21.11
72,72.13
0,2.92
65,49.67
0,5.29
57,60.65
0,18.02
0,18.61
65,66.27
14,20.11
1,3.99
18,12.87
52,56.08
61,45.17
0,-1.22
66,60.13
41,38.93
1,8.32
0,9.53
55,21.76
51,58.47
62,27.06
0,0.38
58,50.54
53,49.19
64,53.83
0,1.6
28,14.71
25,17.14
60,47.72
0,-0.7
17,5.46
11,1.27
41,35.93
9,11.68
68,66.08
54,59.95
1,7.86
35,60.81
76,59.15
10,15.61
17,0.52
61,58.0
0,4.57
25,28.0
0,7.11
36,19.99
61,73.57
0,6.15
62,66.85
33,24.62
10,1.78
69,73.35
0,3.36
51,34.18
12,4.86
57,53.35
45,58.74
0,-1.18
48,52.39
71,58.69
8,14.29
65,50.24
74,68.0
4,18.36
0,1.64
39,20.33
30,55.71
51,48.7
0,5.57
57,62.64
58,41.91
38,26.96
50,52.03
67,66.88
37,48.17
0,17.63
0,3.96
45,43.05
0,-3.74
48,20.37
31,19.43
0,4.83
45,51.5
62,42.34
0,8.91
0,15.62
64,60.71
67,69.22
47,44.36
18,40.96
68,21.42
27,21.31
3,4.78
11,5.41
0,-0.41
49,42.54
0,1.66
35,51.83
18,19.23
56,33.68
56,50.97
51,53.15
69,57.35
8,35.1
0,4.77
51,53.58
0,22.4
34,20.35
2,5.81
45,24.34
11,44.3
0,17.5
43,51.73
30,12.82
12,12.91
15,14.19
0,1.96
35,44.98
0,2.16
3,3.33
0,4.78
44,48.32
0,3.49
29,33.51
0,0.92
62,26.05
51,55.43
54,74.58
57,55.56
0,6.51
10,2.93
7,7.84
62,60.31
0,3.27
67,51.75
26,11.57
13,24.61
37,44.65
38,46.47
71,84.19
63,57.83
0,1.29
58,52.85
63,40.26
0,13.36
77,54.2
0,-0.82
0,4.64
13,14.6
49,50.28
56,42.86
30,44.17
39,29.22
0,5.0
0,0.7
49,44.1
45,47.59
66,55.02
55,50.24
44,51.81
47,52.99
16,5.41
68,53.03
54,55.76
4,7.81
50,53.52
6,4.86
33,32.06
10,16.78
59,53.28
0,-0.63
30,15.58
20,21.91
7,8.8
17,18.74
65,55.61
49,44.79
0,5.7
0,1.87
0,-1.32
42,13.45
39,45.36
0,3.44
51,55.53
54,52.55
0,16.98
0,0.44
48,20.54
0,3.97
0,2.26
33,48.01
27,12.62
0,-0.29
0,5.83
0,1.46
53,51.02
80,68.84
2,10.64
47,52.34
7,19.16
14,27.88
82,77.46
55,43.61
22,15.82
30,50.32
0,3.78
0,3.24
0,6.15
23,14.75
63,51.72
62,56.52
7,14.06
0,-0.77
13,13.52
10,2.71
0,14.38
24,18.01
78,52.35
30,44.69
17,10.62
58,47.47
0,0.39
62,56.79
0,0.53
7,24.55
55,56.69
32,45.96
0,16.54
15,35.28
0,2.57
0,3.04
15,15.6
0,0.5
0,-0.69
0,8.84
63,68.69
44,43.81
36,44.02
15,11.8
62,56.92
45,55.09
0,7.07
15,13.53
60,45.51
8,28.13
0,-0.67
12,12.41
33,38.67
0,4.05
59,64.16
0,-2.92
72,61.51
0,1.05
86,41.67
11,22.51
0,3.51
48,51.74
49,58.53
36,32.63
9,7.26
64,53.05
10,17.14
51,42.26
61,45.89
41,46.37
73,44.71
61,51.55
10,23.33
61,50.12
63,49.86
13,13.42
22,20.25
0,0.01
1,-3.21
0,2.08
9,7.77
0,5.05
36,46.1
34,25.71
6,17.91
0,0.32
69,53.15
33,24.6
7,8.83
30,11.67
20,13.88
41,50.31
15,7.18
0,1.85
0,1.3
74,50.19
0,16.26
47,52.58
6,12.14
15,16.13
37,47.79
63,51.62
0,1.99
48,46.29
4,12.22
10,1.67
52,57.3
0,-2.69
39,32.31
12,9.02
36,43.66
12,20.21
49,55.14
2,-1.1
47,60.0
54,54.81
69,56.53
64,49.53
14,15.93
62,60.8
28,43.06
0,1.69
68,62.8
40,36.07
0,-3.1
52,57.07
0,3.94
0,10.9
0,15.72
1,2.78
74,65.83
3,6.69
57,52.76
0,6.89
48,47.14
67,30.85
64,63.23
0,1.95
0,0.89
0,-0.96
0,0.93
4,13.26
55,12.33
52,55.11
11,11.92
8,24.71
0,-2.24
1,4.68
2,15.14
48,25.13
0,4.16
18,39.28
3,2.22
57,43.65
58,44.81
21,50.84
0,16.78
33,13.57
62,55.9
31,14.11
75,47.59
59,67.68
0,0.02
60,56.54
63,57.05
21,20.2
9,7.45
0,-0.29
0,-0.1
2,37.71
71,63.27
48,47.07
3,8.35
50,51.33
53,59.18
65,63.0
7,18.24
57,54.39
16,42.26
0,2.11
57,56.49
0,-0.82
0,9.35
0,10.66
8,13.14
6,14.57
0,5.02
37,23.1
48,14.05
0,3.74
54,56.88
17,15.34
4,6.46
0,1.31
4,8.21
14,-1.93
75,57.88
68,72.51
3,13.11
31,29.24
0,-0.69
78,58.93
57,54.4
57,47.99
44,53.04
39,57.06
9,16.48
2,18.14
4,7.8
7,15.7
8,6.53
69,45.5
52,47.64
54,26.35
58,50.37
51,39.21
79,65.93
4,-2.7
0,7.19
0,1.85
45,48.54
0,6.83
0,6.58
52,58.13
0,0.53
57,60.27
0,-0.21
0,1.68
50,46.37
19,14.62
64,29.67
56,65.75
0,-0.3
26,36.84
64,46.8
52,56.01
35,18.23
48,51.76
9,47.47
17,7.63
63,52.79
44,47.83
11,6.61
67,64.62
45,51.34
35,47.93
60,52.24
71,57.84
8,16.77
55,56.71
15,13.08
31,19.16
44,54.67
70,61.43
29,43.73
18,16.5
0,-0.97
15,14.44
51,55.71
59,56.84
44,50.46
66,68.43
0,-0.81
0,6.32
53,49.82
6,7.7
22,8.84
15,15.23
70,58.71
0,1.16
24,4.89
0,6.11
16,13.5
73,53.35
74,54.69
49,46.03
5,19.61
7,6.66
55,56.31
67,46.57
20,15.74
67,61.13
69,46.28
28,24.24
10,10.01
63,50.58
57,67.47
53,49.22
0,14.56
0,-2.21
0,-1.38
0,1.03
1,0.43
63,49.91
0,0.63
0,2.28
1,11.51
64,51.04
17,18.61
9,3.63
58,53.1
20,25.51
31,19.54
59,60.54
56,63.58
20,40.6
65,57.62
49,50.08
38,50.05
0,-0.33
34,26.91
0,6.74
91,72.77
0,3.91
1,7.26
8,10.61
0,7.1
50,51.88
49,57.47
0,-2.51
5,18.23
14,12.23
33,21.65
22,46.86
69,59.94
0,3.02
33,20.44
45,52.47
60,60.78
64,48.93
64,59.07
3,4.18
37,55.2
60,62.47
7,36.2
4,11.35
24,19.43
0,4.01
70,60.25
0,1.82
0,10.47
61,57.08
14,15.64
0,-3.99
45,56.28
23,14.87
21,6.86
66,66.98
73,60.35
47,52.49
55,55.91
15,15.19
0,1.05
0,9.13
47,60.54
83,73.57
42,45.0
16,9.58
18,24.28
62,53.66
57,58.48
81,20.79
27,23.19
46,50.06
44,57.22
22,20.93
78,51.21
0,-0.84
22,21.48
14,10.54
51,54.19
52,60.27
71,71.24
0,6.69
0,3.1
20,52.04
9,4.64
0,10.45
0,2.59
0,2.38
20,11.93
72,54.09
10,7.67
67,55.09
33,25.43
50,46.72
67,56.09
22,24.75
0,5.89
77,51.73
68,28.47
53,40.76
4,5.31
13,22.67
14,71.43
7,26.11
60,59.49
0,1.5
68,57.07
2,0.7
59,45.95
0,4.11
13,20.34
45,23.81
47,51.93
29,48.51
59,58.17
0,5.43
68,69.68
0,11.68
0,6.06
0,0.06
41,47.68
45,24.69
7,10.51
2,12.48
12,20.3
10,16.17
43,54.73
34,14.87
9,6.32
37,22.09
2,8.39
46,54.5
31,36.53
62,58.87
11,2.95
36,45.95
77,56.49
56,54.85
51,46.05
47,44.08
0,-1.67
25,29.14
68,49.73
58,55.5
76,34.24
0,6.04
62,55.71
0,3.87
23,8.81
31,66.83
31,23.39
58,59.24
62,55.96
16,13.67
11,12.37
0,-2.26
52,53.57
57,55.92
51,57.79
8,29.85
64,64.26
59,58.88
46,15.2
0,8.98
8,7.57
54,56.05
66,63.78
33,28.11
11,-2.94
30,49.89
19,14.33
61,44.01
46,33.55
61,70.13
0,-3.76
12,51.8
0,-0.46
0,1.08
6,12.72
0,-1.81
74,52.23
40,45.0
60,66.1
0,2.71
57,55.13
0,10.05
74,33.74
21,32.49
50,52.93
17,64.94
74,66.3
0,0.54
12,21.93
0,8.37
13,16.97
28,17.65
48,48.34
60,62.51
52,39.07
40,45.62
6,17.86
36,52.79
0,3.3
71,53.95
76,82.22
29,22.87
0,2.12
27,16.73
16,20.65
7,12.68
12,12.03
25,15.09
33,48.56
0,8.36
7,16.18
38,20.92
77,87.01
34,3.04
1,1.77
13,58.63
28,22.36
0,2.0
31,45.84
29,23.22
6,9.64
14,4.94
3,5.35
70,77.64
0,3.63
52,55.57
11,10.91
5,50.82
42,49.32
17,10.22
38,22.42
0,-0.39
0,14.17
22,25.03
2,5.13
32,43.14
47,45.71
17,8.92
14,15.46
54,54.37
49,56.0
25,23.7
26,13.68
43,49.22
0,2.37
22,40.49
7,19.48
0,3.26
39,51.72
0,-1.49
71,55.63
29,21.62
2,3.97
69,58.89
0,1.28
0,1.55
5,7.16
56,54.77
32,16.44
0,3.02
2,12.02
53,56.93
62,61.51
60,31.72
35,12.99
34,25.5
18,13.25
54,50.61
13,14.13
24,20.32
50,45.64
39,18.26
0,-0.8
0,10.17
7,25.29
61,58.39
77,57.25
13,16.23
21,23.87
43,56.48
51,42.73
45,26.73
0,2.9
20,21.83
0,0.79
0,0.63
0,0.36
20,22.76
66,61.97
2,10.36
1,10.67
76,56.86
65,59.34
0,1.0
51,49.85
12,20.47
59,38.98
72,58.48
34,15.94
71,60.02
0,-3.27
0,2.3
60,54.45
6,11.03
0,-1.34
0,-3.46
45,51.52
0,4.0
56,61.26
0,-0.01
0,21.87
66,54.67
64,58.81
51,53.51
0,6.27
59,54.24
0,8.16
39,17.21
73,19.13
0,6.99
71,31.64
9,1.7
32,27.01
10,2.91
49,58.91
0,4.22
11,10.48
70,53.89
53,52.32
7,11.51
42,48.86
61,61.96
55,58.11
0,0.31
6,16.52
77,50.17
12,15.62
44,51.78
0,1.62
40,57.95
1,9.27
0,4.68
4,10.64
43,41.71
33,38.45
68,54.75
52,59.97
49,50.11
43,51.79
0,21.61
51,22.85
20,42.34
45,24.56
17,11.61
50,51.27
0,2.91
0,-1.61
66,59.95
31,38.08
53,49.34
66,44.62
26,26.61
48,54.68
8,17.53
10,14.26
8,2.3
27,5.23
55,57.57
5,4.09
0,3.63
0,0.06
46,50.46
0,0.48
44,52.43
45,12.37
44,52.36
2,46.62
24,36.29
68,59.75
0,1.44
14,13.3
49,5.54
40,27.1
73,60.08
45,44.1
0,-1.18
9,45.85
0,-1.24
1,9.91
11,17.39
26,10.94
33,27.3
7,21.62
21,12.14
64,58.12
69,47.68
0,15.98
67,47.85
0,0.46
48,47.78
2,1.42
68,47.67
0,0.59
0,4.09
0,-3.28
4,30.98
73,47.27
62,57.97
34,8.24
37,34.32
54,52.18
59,59.3
2,9.53
24,9.72
26,36.43
69,46.55
53,52.2
41,52.97
0,6.67
17,17.61
8,6.15
46,52.89
34,18.5
0,7.51
0,16.61
57,56.25
45,66.5
4,4.49
53,55.94
7,3.39
0,0.37
19,29.54
7,4.6
27,46.6
0,0.65
81,50.86
52,60.1
16,12.75
44,33.89
83,78.99
37,57.22
57,59.69
59,64.14
36,17.59
0,-0.01
32,22.69
0,2.33
0,24.22
31,15.98
3,8.71
0,10.84
68,64.26
33,49.48
12,40.84
0,-1.51
46,53.76
0,0.43
8,2.37
49,51.2
63,60.94
44,46.18
29,37.02
40,55.0
11,5.17
0,3.52
13,19.4
0,1.93
62,62.79
6,6.0
38,44.77
61,55.06
24,19.92
22,16.6
57,58.97
0,1.08
33,14.5
0,-2.58
40,35.37
76,43.17
24,4.31
15,33.66
76,75.4
66,54.16
46,52.46
19,44.58
0,10.33
28,20.31
4,2.95
8,10.69
66,54.87
28,28.54
13,4.86
12,10.39
62,55.5
72,54.09
0,2.46
8,18.8
27,22.01
27,58.76
66,60.42
6,13.22
8,7.54
1,6.89
44,29.5
25,30.71
38,47.06
35,10.14
7,14.84
68,53.4
63,53.02
66,62.52
11,12.97
4,14.24
12,11.09
47,45.71
14,12.34
38,34.71
6,2.25
3,22.28
0,-0.5
3,16.74
0,6.1
45,50.9
27,14.24
3,52.95
13,21.68
10,44.69
31,9.24
0,11.5
1,4.96
32,25.07
68,57.15
67,49.63
77,67.83
16,24.96
0,-1.55
41,47.65
0,-1.6
0,2.95
6,12.35
0,5.04
72,69.84
69,63.61
0,5.91
69,51.21
15,0.89
36,51.89
0,8.78
0,-2.33
0,6.48
48,52.76
66,51.09
42,15.89
30,10.05
18,12.86
76,60.45
41,45.97
68,60.88
16,11.1
44,39.52
19,14.15
48,60.6
0,7.81
74,50.3
34,34.74
0,5.73
0,5.21
0,9.8
0,6.26
56,59.92
75,58.62
86,64.74
52,61.7
9,11.54
74,68.19
4,2.89
52,51.64
21,42.41
75,49.45
37,51.92
0,2.27
8,13.61
11,7.48
46,41.67
40,53.89
90,55.9
5,6.83
0,16.16
0,5.13
0,0.11
63,46.77
67,56.05
35,19.72
14,12.3
2,10.85
0,4.16
17,22.91
7,3.66
56,57.87
64,54.76
65,55.21
47,46.16
5,3.28
42,49.49
0,0.62
7,11.04
37,48.13
0,-2.87
47,3.34
0,5.32
14,3.88
0,15.4
42,57.86
33,46.26
0,8.27
0,-0.02
0,4.4
14,9.33
53,64.34
65,60.03
55,48.92
12,12.08
61,41.73
56,56.96
76,69.59
0,0.86
57,57.35
0,-0.4
78,63.48
31,40.8
74,55.39
7,16.84
43,46.59
33,36.13
12,18.18
64,54.09
3,0.5
24,13.03
44,50.26
11,15.19
0,1.14
0,-0.44
9,21.6
0,18.06
7,13.69
0,5.13
0,1.33
60,54.11
53,52.01
43,44.32
6,6.29
0,-1.62
0,7.63
42,54.13
78,36.02
15,18.86
81,33.32
0,16.79
88,55.32
87,71.49
32,47.21
1,4.13
57,57.16
67,61.95
0,3.17
0,3.65
5,7.22
50,57.38
32,16.77
33,9.83
65,67.5
6,8.16
69,55.3
0,-0.81
34,52.24
60,54.81
0,7.23
22,33.85
56,45.91
41,58.53
0,19.99
44,18.53
57,47.9
0,1.03
0,6.53
83,73.79
17,14.3
31,16.29
0,0.33
0,5.32
30,24.0
64,47.57
14,2.11
12,11.3
11,10.85
31,24.17
78,56.67
12,14.1
0,1.18
26,46.82
45,46.81
15,17.45
0,1.81
0,4.75
37,47.12
0,7.46
5,3.22
14,56.6
0,3.67
44,54.96
46,46.17
6,15.52
69,53.92
14,13.87
63,56.07
39,47.11
52,54.88
21,52.67
0,2.49
59,50.58
42,42.63
21,13.25
52,51.29
0,24.24
86,54.72
0,10.39
1,1.85
0,18.75
2,15.31
0,16.17
63,46.4
0,4.38
0,1.03
53,51.37
66,54.94
20,28.81
24,17.29
0,9.15
40,51.14
20,30.05
10,51.02
0,6.87
12,19.14
0,11.27
61,55.22
40,53.8
55,52.38
47,50.39
58,58.44
0,8.93
60,43.33
61,62.03
1,3.95
56,56.12
1,2.02
18,26.56
51,48.99
3,-1.66
73,55.24
24,20.78
2,18.51
31,32.32
8,12.15
0,-2.15
47,58.37
20,16.58
59,56.42
32,47.56
54,55.33
48,59.71
10,17.01
63,57.97
52,51.79
43,13.52
16,19.58
71,63.31
17,36.7
61,59.16
1,2.63
44,46.42
12,3.02
57,59.89
45,31.8
41,44.48
35,26.71
57,52.5
15,17.06
13,35.9
8,10.37
42,49.61
52,55.86
63,56.48
65,52.97
30,11.05
61,62.19
52,50.27
57,57.96
7,15.03
51,45.16
76,65.17
0,-0.69
63,46.39
69,53.7
10,5.17
13,10.25
0,12.7
32,5.81
3,18.29
0,1.79
0,0.95
1,12.11
62,61.82
48,54.44
0,1.67
33,47.41
71,58.62
5,21.39
65,57.52
16,26.8
4,10.08
0,12.58
0,9.01
53,56.22
16,31.28
56,52.64
0,-1.62
2,22.34
36,15.12
14,20.43
23,11.02
36,37.35
62,53.6
8,14.61
0,0.5
0,5.48
12,15.67
13,12.88
57,47.12
36,49.84
36,48.51
28,47.78
